(Do Not Modify) Advices Elements,(Do Not Modify) Row Checksum,(Do Not Modify) Modified On,Name,Created On,Created By,Created By (Delegate),Date Timestamp,Directive Id,Display Order,Element Comments,Element Content,Element Page,Element Path,Element Refernce,Modified By,Modified By (Delegate),Modified On,Owner,Record Created On,Status,Status Reason
5d95c8f4-a2b7-ea11-a812-000d3a530627,8b/NgeOyvTJ8Phg3gYKA/Jsu9x4CBm49kaO5g5vxFO8i5qVEZ2SApAm+KrkZxsZT5oexvPc9JL0ocJzR9IO3Mw==,6/26/2020 11:49,1,6/26/2020 17:19,Vishal Mohan,,6/26/2020 21:01,FSC-DIR-40-004,1,,FSC Directive on Chain of Custody Certification ,1,,Title ,Vishal Mohan,,6/26/2020 17:19,Vishal Mohan,,Active,Active
6f95c8f4-a2b7-ea11-a812-000d3a530627,kuUAV5LBVh/i4KZ8BQRby6+/5rZBaxZ8RrDNrN5Wau4BkzgLYuiwmzz6m8ytGJ2v3XoZqvFiMta3u9LaoyZeLw==,6/26/2020 11:49,10,6/26/2020 17:19,Vishal Mohan,,6/26/2020 21:01,FSC-DIR-40-004,10,,FSC Advices,7,,Part 2,Vishal Mohan,,6/26/2020 17:19,Vishal Mohan,,Active,Active
2396c8f4-a2b7-ea11-a812-000d3a530627,vlggWuTJ62AnIzvY9E4MoLVFLZKNnw26KGcsQFlm4w63kJc1cC2RBw//cYpiBGFmMegFFq2ffTCq50ooPKRxlA==,6/26/2020 11:49,100,6/26/2020 17:19,Vishal Mohan,,6/26/2020 21:01,FSC-DIR-40-004,100,,1 a) Common name and/or scientific name of timber species as required by the applicable legislation;,19,,ADVICE-40-004-10,Vishal Mohan,,6/26/2020 17:19,Vishal Mohan,,Active,Active
2596c8f4-a2b7-ea11-a812-000d3a530627,RmjRjTD6E8RJigaLF3C1Uw/aKfAU+Y28+HKwixhUcGnLRdTA3/md+WUVAMKMid3TotaOwr1wcGIVXBMTX+/XgQ==,6/26/2020 11:49,101,6/26/2020 17:19,Vishal Mohan,,6/26/2020 21:01,FSC-DIR-40-004,101,,NOTE: This requirement takes precedence over Clause 2.1.1 c) of FSC-STD-40-004 V2-1.,19,,ADVICE-40-004-10,Vishal Mohan,,6/26/2020 17:19,Vishal Mohan,,Active,Active
2796c8f4-a2b7-ea11-a812-000d3a530627,vtFxutPLiZJ+b5+cU/zF6FJy+viGFR7FRiNfAhSMRymOuV3SoRNuFF7xNx/chY9ftVLPSzFQPFY4jNzNQvpBSQ==,6/26/2020 11:49,102,6/26/2020 17:19,Vishal Mohan,,6/26/2020 21:01,FSC-DIR-40-004,102,,"1 b)Origin of timber (countries of harvest and where applicable, sub-national regions and concessions of harvest);",19,,ADVICE-40-004-10,Vishal Mohan,,6/26/2020 17:19,Vishal Mohan,,Active,Active
2996c8f4-a2b7-ea11-a812-000d3a530627,g+TyTiYMrbYpV8tTdGgs7vei1NlzgExjPD4aOarTNKSxzhGaem1hN10UaiN4sc2ebDXIeJ5WEIcA/ziq2hQTAg==,6/26/2020 11:49,103,6/26/2020 17:19,Vishal Mohan,,6/26/2020 21:01,FSC-DIR-40-004,103,,NOTE: Information on the sub-national regions or concessions of harvest shall be provided where the risk of illegal harvesting between concessions of harvest in a country or sub-national region varies. Any arrangement conferring the right to harvest timbe,19,,ADVICE-40-004-10,Vishal Mohan,,6/26/2020 17:19,Vishal Mohan,,Active,Active
2b96c8f4-a2b7-ea11-a812-000d3a530627,nzy4zcrYhTMyulnaBwZFoZ7wlwkzXgYuPbndijCTgVYiBzGzermHoRdOcSYvc8pr//+nf+HHshzLH7dnGYBosA==,6/26/2020 11:49,104,6/26/2020 17:19,Vishal Mohan,,6/26/2020 21:01,FSC-DIR-40-004,104,,1 c)Proof of compliance with relevant trade and customs laws.,19,,ADVICE-40-004-10,Vishal Mohan,,6/26/2020 17:19,Vishal Mohan,,Active,Active
2d96c8f4-a2b7-ea11-a812-000d3a530627,TgaQmgNpv0nGlMVrCBqGZSBN07w/YdlrtdDyirAVK3MdW1S+/gNhYsVLKbQQEeye8+o3u7YcGGVVt7aACxmmHw==,6/26/2020 11:49,105,6/26/2020 17:19,Vishal Mohan,,6/26/2020 21:01,FSC-DIR-40-004,105,,2) FSC certified suppliers shall provide timely responses to the information requests specified in Clause 1 above.,19,,ADVICE-40-004-10,Vishal Mohan,,6/26/2020 17:19,Vishal Mohan,,Active,Active
2f96c8f4-a2b7-ea11-a812-000d3a530627,btd8IadGF5kpKnmWVSXUxidRg9ras6VauPvptvTzylGMjmJ4wUNoMK7EK9DoYFxS3xNohY2OeV2s9yxboJb+HA==,6/26/2020 11:49,106,6/26/2020 17:19,Vishal Mohan,,6/26/2020 21:01,FSC-DIR-40-004,106,,"3) The form and frequency of providing this information may be agreed between FSC certified supplier and customer, as long as the information is accurate and can be correctly associated with each material supplied as FSC certified or FSC Controlled Wood.",19,,ADVICE-40-004-10,Vishal Mohan,,6/26/2020 17:19,Vishal Mohan,,Active,Active
3196c8f4-a2b7-ea11-a812-000d3a530627,fvKyN5avt3zFgRp3fW0KoeQS1pyHeFUuCkZQo2im2fssmSgq4BtD0sLK90AgVnGgjv6TvAgWVPK11ycFzlg6Ag==,6/26/2020 11:49,107,6/26/2020 17:19,Vishal Mohan,,6/26/2020 21:01,FSC-DIR-40-004,107,,"4) In case the FSC certified supplier does not possess the requested information specified in Clause 1 above, the request shall be passed on to the upstream FSC certified suppliers, until the requested information can be obtained.",19,,ADVICE-40-004-10,Vishal Mohan,,6/26/2020 17:19,Vishal Mohan,,Active,Active
3396c8f4-a2b7-ea11-a812-000d3a530627,a1TjcG2oD89p9CxCQeCE0QYgQZqHzFdMudjHs7+Z+BydRh8+wc/BvoeLgNkUKY1r4ItOAfNk4vWC4xE5s43WPw==,6/26/2020 11:49,108,6/26/2020 17:19,Vishal Mohan,,6/26/2020 21:01,FSC-DIR-40-004,108,,Title: Trade and custom laws,19,,ADVICE-40-004-11,Vishal Mohan,,6/26/2020 17:19,Vishal Mohan,,Active,Active
3596c8f4-a2b7-ea11-a812-000d3a530627,4uSFErLQamQBHCwkBEz/MMAQ/UU9+HFz3SWEgLMsZMSUpFQNwTkbDHS5M2kbyNSoStgQEfTCmEGjL3iMWuGjAQ==,6/26/2020 11:49,109,6/26/2020 17:19,Vishal Mohan,,6/26/2020 21:01,FSC-DIR-40-004,109,,Heading: Advice ,19,,ADVICE-40-004-11,Vishal Mohan,,6/26/2020 17:19,Vishal Mohan,,Active,Active
7195c8f4-a2b7-ea11-a812-000d3a530627,UjS+Tjsn1RCzAS1/PeNNmB5YpQ2DNaMiizJAtSLakaEoqeIKwZj4nRBUEOT71U+kxY2IZ/7Ddnk6Z1Tp/3pDYg==,6/26/2020 11:49,11,6/26/2020 17:19,Vishal Mohan,,6/26/2020 21:01,FSC-DIR-40-004,11,,Title: ADVICE-40-004-01 FSC certified CoC contractors,7,,ADVICE-40-004-01,Vishal Mohan,,6/26/2020 17:19,Vishal Mohan,,Active,Active
3796c8f4-a2b7-ea11-a812-000d3a530627,555sswU72tzATYOznX6oWisGhAbuBw8t6Ylwdhhr/+pJAEJemusaP2Dl9vjFCTcVh7NV5NDV5TmhzujDLsjNdg==,6/26/2020 11:49,110,6/26/2020 17:19,Vishal Mohan,,6/26/2020 21:01,FSC-DIR-40-004,110,,1) FSC certificate holders exporting and/or importing timber or timber products shall have procedures in place to ensure that the commercialization of FSC certified and FSC Controlled Wood products comply with all applicable trade and customs laws.,19,,ADVICE-40-004-11,Vishal Mohan,,6/26/2020 17:19,Vishal Mohan,,Active,Active
3996c8f4-a2b7-ea11-a812-000d3a530627,ymiJI+i29QVjzGDLJ8oskclzRCk2S3e1F2hBrDV13UOzLkcG8rL3E/X6AxvHVYe14gR5Tb7EBfq9LI8ZUDcNTQ==,6/26/2020 11:49,111,6/26/2020 17:19,Vishal Mohan,,6/26/2020 21:01,FSC-DIR-40-004,111,,Title: Pre-consumer reclaimed wood compliance with the EUTR,20,,ADVICE-40-004-12,Vishal Mohan,,6/26/2020 17:19,Vishal Mohan,,Active,Active
3b96c8f4-a2b7-ea11-a812-000d3a530627,1d8utwteqgJ1dj2VL5+R/7kxDb6kSYGF5aPYcF/O8xFhUyNv4uq0zLr3Dq8yoD2zdrajMiYIHTqCvnEuT8ewxg==,6/26/2020 11:49,112,6/26/2020 17:19,Vishal Mohan,,6/26/2020 21:01,FSC-DIR-40-004,112,,Heading: Advice ,20,,ADVICE-40-004-12,Vishal Mohan,,6/26/2020 17:19,Vishal Mohan,,Active,Active
3d96c8f4-a2b7-ea11-a812-000d3a530627,+bKego84VNhYj9+o2YH+RgqHQd480X3r9P5OiedPn8EltZEr2e5jelnaW5qqVsYyeEflr4cW8SyXMqahq8NbuA==,6/26/2020 11:49,113,6/26/2020 17:19,Vishal Mohan,,6/26/2020 21:01,FSC-DIR-40-004,113,,1) FSC certificate holders placing FSC certified products containing pre-consumer reclaimed wood material (except paper scraps) on the European market for the first time shall exercise due diligence to ensure that these materials do not contain illegally ,20,,ADVICE-40-004-12,Vishal Mohan,,6/26/2020 17:19,Vishal Mohan,,Active,Active
3f96c8f4-a2b7-ea11-a812-000d3a530627,GCsIyXMxRbmwGUVNPDBAGPBd2RF62t2XgrholGFLc7tGStPzCua/N0b+CzVGqFqCWDKb9urL5PtKeryju/0Q2Q==,6/26/2020 11:49,114,6/26/2020 17:19,Vishal Mohan,,6/26/2020 21:01,FSC-DIR-40-004,114,,2) FSC certificate holders located in countries outside of Europe and exporting FSC certified products that contain pre-consumer reclaimed wood material to companies in Europe shall either:,20,,ADVICE-40-004-12,Vishal Mohan,,6/26/2020 17:19,Vishal Mohan,,Active,Active
4196c8f4-a2b7-ea11-a812-000d3a530627,UumWLgarI0su6INkVhaeg/Vg1DQ4UKtq5Vsil/qjhiJ0npGkzCYBzincHUh7AU1cCzqV1NPV/XYRvS7LJ4iCCQ==,6/26/2020 11:49,115,6/26/2020 17:19,Vishal Mohan,,6/26/2020 21:01,FSC-DIR-40-004,115,,"2 a) Inform their customers about the presence of pre-consumer reclaimed wood material in the product before its delivery and commit to support their customers in applying their due diligence system, as required by the EUTR, or;",20,,ADVICE-40-004-12,Vishal Mohan,,6/26/2020 17:19,Vishal Mohan,,Active,Active
4396c8f4-a2b7-ea11-a812-000d3a530627,rvT6Jkz+WN2deK2rKRjK8tPyl/iZxJVwLrQjB6teIqbxDMrD9bZh8KKa4uzZd307Kk5vDYJLbmTJwt3AgOD/xw==,6/26/2020 11:49,116,6/26/2020 17:19,Vishal Mohan,,6/26/2020 21:01,FSC-DIR-40-004,116,,"2 b) Ensure that pre-consumer reclaimed wood (except paper scraps) used in the manufacturing of FSC certified products is FSC Controlled Wood, according to FSC-STD-40-005 requirements.",20,,ADVICE-40-004-12,Vishal Mohan,,6/26/2020 17:19,Vishal Mohan,,Active,Active
4596c8f4-a2b7-ea11-a812-000d3a530627,3tAM9fx32nB9wZrMA8jUyNRxFUcaI53uBRFKGExH38UOtA6oiaHgheDx5rFBFqjoS1lf139fOJXX3WSYumjQpw==,6/26/2020 11:49,117,6/26/2020 17:19,Vishal Mohan,,6/26/2020 21:01,FSC-DIR-40-004,117,,"3) FSC certificate holders applying option 2 b) above, may apply the requirements for co-products outlined in the ADVICE-40-005-17, to demonstrate the district of origin of pre-consumer reclaimed wood and the ADVICE-40-005-20 for the risk assessment of pr",20,,ADVICE-40-004-12,Vishal Mohan,,6/26/2020 17:19,Vishal Mohan,,Active,Active
4796c8f4-a2b7-ea11-a812-000d3a530627,fWU9uWuuex9mcudDy1ZMEUMsc8/xsa5fEE7AYPojBVULbJnx7Zz7pqDW378tfdIkMB84aR+8kKSpwTnxG7MejA==,6/26/2020 11:49,118,6/26/2020 17:19,Vishal Mohan,,6/26/2020 21:01,FSC-DIR-40-004,118,,Title: Classification of pre-consumer reclaimed paper as equivalent to FSC certified and post-consumer reclaimed materials ,20,,ADVICE-40-004-13,Vishal Mohan,,6/26/2020 17:19,Vishal Mohan,,Active,Active
4996c8f4-a2b7-ea11-a812-000d3a530627,DzT6LYMM3jnVlCf0V/5k4X85Nf0eKrcsKUXH6uUwSP5a66iqZCCwBATHHG8uu8voD6P9k/RMFQCmU/6J1p8uIA==,6/26/2020 11:49,119,6/26/2020 17:19,Vishal Mohan,,6/26/2020 21:01,FSC-DIR-40-004,119,,Heading: Advice ,21,,ADVICE-40-004-13,Vishal Mohan,,6/26/2020 17:19,Vishal Mohan,,Active,Active
7395c8f4-a2b7-ea11-a812-000d3a530627,dbEsVOuV3hTmMkOiC1SFWEE6YhmQqKh4H1+6Sja/HvfqzA+0rGXoxGbSQGVjrVLOH89fpOAwtu8Mt5JeDcKzgQ==,6/26/2020 11:49,12,6/26/2020 17:19,Vishal Mohan,,6/26/2020 21:01,FSC-DIR-40-004,12,,Normative reference: FSC-STD-40-004 V2-1 Section 12 and FSC-STD-40-004 V3-0 Section 12,7,,ADVICE-40-004-01,Vishal Mohan,,6/26/2020 17:19,Vishal Mohan,,Active,Active
4b96c8f4-a2b7-ea11-a812-000d3a530627,pvYvo6hUkUTq4rJE3PYtqv7g/WDGoM2eHo9P8TFdBkoVBxZHyNyJwc5DLenDcbrVRcSrbRcjF/g6sPxyWHQ0NQ==,6/26/2020 11:49,120,6/26/2020 17:19,Vishal Mohan,,6/26/2020 21:01,FSC-DIR-40-004,120,,FSC CoC certificate holders may classify pre-consumer reclaimed paper materials as equivalent to FSC certified and post-consumer reclaimed materials for the purpose of determining the FSC Mix or FSC Recycled output claims for products controlled under the,21,,ADVICE-40-004-13,Vishal Mohan,,6/26/2020 17:19,Vishal Mohan,,Active,Active
4d96c8f4-a2b7-ea11-a812-000d3a530627,qmyeBDStY2wNjDgY/xbsJzfWJfLTD8rErXesNJlnJb3SNGJQnfS5ecwWMlxiVLEsucd8temYwooPywflYd163A==,6/26/2020 11:49,121,6/26/2020 17:19,Vishal Mohan,,6/26/2020 21:01,FSC-DIR-40-004,121,,Title: Supply chain integrity,21,,ADVICE-40-004-14,Vishal Mohan,,6/26/2020 17:19,Vishal Mohan,,Active,Active
4f96c8f4-a2b7-ea11-a812-000d3a530627,ebBz8ZTaYVHKdKM3xP5yCPGXbftSygZlgLqMgMXLthrX7fFnKE043/fsf7Jwjo1WO+vP+t4TIFh0eCzSaKz8Cg==,6/26/2020 11:49,122,6/26/2020 17:19,Vishal Mohan,,6/26/2020 21:01,FSC-DIR-40-004,122,,Heading: Advice ,21,,ADVICE-40-004-14,Vishal Mohan,,6/26/2020 17:19,Vishal Mohan,,Active,Active
5196c8f4-a2b7-ea11-a812-000d3a530627,5Dd5Q+WbtrIxQbdTdqS2sI5hiy0SZZ/z0/EiZrt+XpS5na5imskQdug/gUzhp/m1oHzRXy/xaoMQbd/7XQohAQ==,6/26/2020 11:49,123,6/26/2020 17:19,Vishal Mohan,,6/26/2020 21:01,FSC-DIR-40-004,123,,"1) The organization shall support transaction verification conducted by its certification body and ASI, by providing samples of FSC transaction data as requested by the certification body.",21,,ADVICE-40-004-14,Vishal Mohan,,6/26/2020 17:19,Vishal Mohan,,Active,Active
5396c8f4-a2b7-ea11-a812-000d3a530627,ODiZzEkj/58qEbOgumcOzLVlmiMiYSMXpkLsv+7KmgNH2rLEtrpttuybIdcxT7N64M23NlfOAufmj9W/8ojxzQ==,6/26/2020 11:49,124,6/26/2020 17:19,Vishal Mohan,,6/26/2020 21:01,FSC-DIR-40-004,124,,NOTE: Pricing information is not within the scope of transaction verification data disclosure.,21,,ADVICE-40-004-14,Vishal Mohan,,6/26/2020 17:19,Vishal Mohan,,Active,Active
5596c8f4-a2b7-ea11-a812-000d3a530627,rWvynHiEcTz8L4iDXCRqJNy5ITqh++c7BjUqoJ67OdojGfo1Br3heN++f8aCRI766ap18gSFwL2wzyzjs8gDkQ==,6/26/2020 11:49,125,6/26/2020 17:19,Vishal Mohan,,6/26/2020 21:01,FSC-DIR-40-004,125,,"2) The organization shall support fibre testing conducted by its certification body and ASI, by upon request surrendering samples and specimens of materials and products, and information about species composition for verification.",21,,ADVICE-40-004-14,Vishal Mohan,,6/26/2020 17:19,Vishal Mohan,,Active,Active
5796c8f4-a2b7-ea11-a812-000d3a530627,EEP4nHRJCnv0AZFpX7o13JEDnwPgFwHBQvix9FvDDO/T3Croi/glNhBpPi0gFXediLZMj8va7i0yxA4mlnWlJA==,6/26/2020 11:49,126,6/26/2020 17:19,Vishal Mohan,,6/26/2020 21:01,FSC-DIR-40-004,126,,Title: Neutral materials that cannot be distinguished from FSC certified ingredients,22,,ADVICE-40-004-15,Vishal Mohan,,6/26/2020 17:19,Vishal Mohan,,Active,Active
5996c8f4-a2b7-ea11-a812-000d3a530627,66v4OwhPwN02Hel6HrwExbqY/S2eGDeACmolEKEdM91k94LBhzP975V93uUdTV0rVEZc9G6q2amyr8hVOzjMiQ==,6/26/2020 11:49,127,6/26/2020 17:19,Vishal Mohan,,6/26/2020 21:01,FSC-DIR-40-004,127,,Heading: Advice ,22,,ADVICE-40-004-15,Vishal Mohan,,6/26/2020 17:19,Vishal Mohan,,Active,Active
5b96c8f4-a2b7-ea11-a812-000d3a530627,KklHLEVs3YdxcMR/hthSrGSUoog6uOyexcQo1qj4Vlm7XAOWaSX7n44IfNkpnSeXrcVmXMhdkCEL2neF3KjmVQ==,6/26/2020 11:49,128,6/26/2020 17:19,Vishal Mohan,,6/26/2020 21:01,FSC-DIR-40-004,128,,"FSC certified products that contain neutral materials that cannot be distinguished from FSC certified ingredients and may be misinterpreted as being FSC certified (e.g. non-certified agricultural materials such as cotton fibre used in FSC certified paper,",22,,ADVICE-40-004-15,Vishal Mohan,,6/26/2020 17:19,Vishal Mohan,,Active,Active
5d96c8f4-a2b7-ea11-a812-000d3a530627,oyZNKjM1eP7rLn18isfDYUPjoD/7OSjQdYAeijloe7c/vwGSIbL2qB5JK/B5d8ov7VRoloDNz61IXJhzc76afw==,6/26/2020 11:49,129,6/26/2020 17:19,Vishal Mohan,,6/26/2020 21:01,FSC-DIR-40-004,129,,"NOTE: This advice note does not apply to inorganic materials that have a different function in the product in relation to the certified ingredient (e.g. glass, plastic, metal) or to products where the FSC certified ingredient is distinguishable from other",22,,ADVICE-40-004-15,Vishal Mohan,,6/26/2020 17:19,Vishal Mohan,,Active,Active
7595c8f4-a2b7-ea11-a812-000d3a530627,yhmvs19BcrXh6NVnTRwcrbyhRZL6hszXxlAuxEMNOBL+Hi+Ih0fq+B94g3gwI4+AiChdeL52s5+rt/SxXCouCQ==,6/26/2020 11:49,13,6/26/2020 17:19,Vishal Mohan,,6/26/2020 21:01,FSC-DIR-40-004,13,,ADVICE 40-004-01_Table1.png,8,ADVICE 40-004-01_Table1.png,ADVICE-40-004-01,Vishal Mohan,,6/26/2020 17:19,Vishal Mohan,,Active,Active
5f96c8f4-a2b7-ea11-a812-000d3a530627,wD45QLt2DOEctAl35+sm3k94efSCrum0GpxHktZIaluPzAxFy0oOG1jzyOyypyfGtwI/9MKEKoHVk1N8IFxmxA==,6/26/2020 11:49,130,6/26/2020 17:19,Vishal Mohan,,6/26/2020 21:01,FSC-DIR-40-004,130,,Title: Disassociated organizations operating as outsourcing contractors,22,,ADVICE-40-004-16,Vishal Mohan,,6/26/2020 17:19,Vishal Mohan,,Active,Active
6196c8f4-a2b7-ea11-a812-000d3a530627,8TVpktZkoc89e4e+5WJe5C21rm29RxLMOSxqB05ZDxAPL5yFtfaM8HSjRs2XuQ65SIjTPKwHM15v0UN413lH0A==,6/26/2020 11:49,131,6/26/2020 17:19,Vishal Mohan,,6/26/2020 21:01,FSC-DIR-40-004,131,,Heading: Organizations are not required to include the provisions specified in Clause 12.4 e) in their outsourcing contracts until FSC has completed the evaluation of the requirement and provided a final decision about its implementation.,23,,ADVICE-40-004-16,Vishal Mohan,,6/26/2020 17:19,Vishal Mohan,,Active,Active
6396c8f4-a2b7-ea11-a812-000d3a530627,I379pXXhaeQg1CaX+N3e6BWd89u3RK6Lnb/35Sokb6ehYNat0ugr6zziGt5c7tARk5YzxkuRie+9ZcxncQCZYA==,6/26/2020 11:49,132,6/26/2020 17:19,Vishal Mohan,,6/26/2020 21:01,FSC-DIR-40-004,132,,"NOTE: Once this decision has been taken, this advice will be updated accordingly.",23,,ADVICE-40-004-16,Vishal Mohan,,6/26/2020 17:19,Vishal Mohan,,Active,Active
6596c8f4-a2b7-ea11-a812-000d3a530627,4rnXnHh4XxWsOG2be3HzxKaW/z+Rm0LqADKCFWHHm/OOFYLlf3+b+ZRPP8eU/jGgETwZcPW3XN6uEr3EuEPzwQ==,6/26/2020 11:49,133,6/26/2020 17:19,Vishal Mohan,,6/26/2020 21:01,FSC-DIR-40-004,133,,Title: Claiming 100% reclaimed products as FSC Mix,23,,ADVICE-40-004-17,Vishal Mohan,,6/26/2020 17:19,Vishal Mohan,,Active,Active
6796c8f4-a2b7-ea11-a812-000d3a530627,CBzdAJGDf+T45HyD9/VgDMadS+zUPZ0Itobn7agoLdtQKP67YZfBVt81Rlco3pkuw2mUfWmhuCUIe9O90K87GQ==,6/26/2020 11:49,134,6/26/2020 17:19,Vishal Mohan,,6/26/2020 21:01,FSC-DIR-40-004,134,,Heading: Advice ,23,,ADVICE-40-004-17,Vishal Mohan,,6/26/2020 17:19,Vishal Mohan,,Active,Active
6996c8f4-a2b7-ea11-a812-000d3a530627,nXGXsdoZSumYTBd7IxDoxVEuJKqTRwmhnAOqetFRpOFz9olqtKRa9S0LZV8rB6ox7GqipeO8M7mlaHCPsh6zDQ==,6/26/2020 11:49,135,6/26/2020 17:19,Vishal Mohan,,6/26/2020 21:01,FSC-DIR-40-004,135,,Organizations are allowed to claim products that are 100% made of reclaimed materials as FSC Mix until FSC has completed the evaluation of the requirement and provided a final decision about its implementation. ,23,,ADVICE-40-004-17,Vishal Mohan,,6/26/2020 17:19,Vishal Mohan,,Active,Active
6b96c8f4-a2b7-ea11-a812-000d3a530627,h6DtqnQQrnD2vB20KlQeXi9KeN5tyu73SODyUi+74fWgn5Gh2Pm23ik9FPf2M0kzHA/mnOq41ofTaaSSoFXqjw==,6/26/2020 11:49,136,6/26/2020 17:19,Vishal Mohan,,6/26/2020 21:01,FSC-DIR-40-004,136,,"NOTE: Once this decision has been taken, this advice will be updated accordingly.",23,,ADVICE-40-004-17,Vishal Mohan,,6/26/2020 17:19,Vishal Mohan,,Active,Active
6d96c8f4-a2b7-ea11-a812-000d3a530627,R7t/a71PrAmc0r1+xMI2FO90ueVZw1Lc+om8X1ZXTk014bJ3e9yJF7+krh4akxLCrvmcLRTWeh6J8QjlZPt68Q==,6/26/2020 11:49,137,6/26/2020 17:19,Vishal Mohan,,6/26/2020 21:01,FSC-DIR-40-004,137,,Heading: Advice ,25,,ADVICE-40-004-18,Vishal Mohan,,6/26/2020 17:19,Vishal Mohan,,Active,Active
6f96c8f4-a2b7-ea11-a812-000d3a530627,EA7uDYuS5CMKmFr2wD1DB5yIWsOd0Vx5uNhEMibf9kJdZk3szd1GegQ0/rSB+GxxopPIdYc2mShxIQ0zsOG2RQ==,6/26/2020 11:49,138,6/26/2020 17:19,Vishal Mohan,,6/26/2020 21:01,FSC-DIR-40-004,138,,1. Identification of false claims ,25,,ADVICE-40-004-18,Vishal Mohan,,6/26/2020 17:19,Vishal Mohan,,Active,Active
7196c8f4-a2b7-ea11-a812-000d3a530627,Pi1BG8fs3fyfdXMInIgbBhAYV3VWHxnom1W8y+nog3w9tG9pt+xyDurrmX8GQanB1Bm8IGPfZZ7SyCPDRcTVAQ==,6/26/2020 11:49,139,6/26/2020 17:19,Vishal Mohan,,6/26/2020 21:01,FSC-DIR-40-004,139,,1.1 Any false claim identified by a certification body shall be registered in the FSC database for further investigation by FSC and/or ASI.,25,,ADVICE-40-004-18,Vishal Mohan,,6/26/2020 17:19,Vishal Mohan,,Active,Active
7795c8f4-a2b7-ea11-a812-000d3a530627,/dZ0EVCsDvFe+JeTVnRIu9eoOsHRre2OfhveCa5qNRgu8pumfhjo0xAJkamJ0TddODolRR6AXHLvQHNNoUNiKQ==,6/26/2020 11:49,14,6/26/2020 17:19,Vishal Mohan,,6/26/2020 21:01,FSC-DIR-40-004,14,,Title:  Providing contract work for non-FSC certified CoC organizations – conditions for FSC certified CoC contractors,8,,ADVICE-40-004-01,Vishal Mohan,,6/26/2020 17:19,Vishal Mohan,,Active,Active
7396c8f4-a2b7-ea11-a812-000d3a530627,eqBbGF9ayr/YNOcHCorwwbOGO+GW6i78N/jhvNB1kaloKd4vS+TobapJGFe6uSCVcJgS61gqBjyGsbuQX/JyEQ==,6/26/2020 11:49,140,6/26/2020 17:19,Vishal Mohan,,6/26/2020 21:01,FSC-DIR-40-004,140,,1.2 FSC independently and/or jointly with ASI may identify and investigate false claims.,25,,ADVICE-40-004-18,Vishal Mohan,,6/26/2020 17:19,Vishal Mohan,,Active,Active
7596c8f4-a2b7-ea11-a812-000d3a530627,58jNcNSfJGZWi2Wn8Krvhp45udNtG2evxawPFvYW3kLRCZcJTftsnBq4d38+4iEl6TZJGvW/P2GU2TZrrpw1yw==,6/26/2020 11:49,141,6/26/2020 17:19,Vishal Mohan,,6/26/2020 21:01,FSC-DIR-40-004,141,,2. Response to false claims ,25,,ADVICE-40-004-18,Vishal Mohan,,6/26/2020 17:19,Vishal Mohan,,Active,Active
7796c8f4-a2b7-ea11-a812-000d3a530627,s3ot7JRV6eIHrgABWtPomOAB7rXUeDQE4O+j+tdaeXckfPGoHBTrMaquMuyj6NMfqTzE1KeujthpDWwn5Gs0yA==,6/26/2020 11:49,142,6/26/2020 17:19,Vishal Mohan,,6/26/2020 21:01,FSC-DIR-40-004,142,,2.1 In the event that (i) the investigation conducted by FSC and/or ASI reveals that there is clear and convincing evidence that the certificate holder de-liberately made a false claim or (ii) the certificate holder has made more than two (2) false claims,25,,ADVICE-40-004-18,Vishal Mohan,,6/26/2020 17:19,Vishal Mohan,,Active,Active
7996c8f4-a2b7-ea11-a812-000d3a530627,Y6ogmOWu9F+jSZ0Q9/inZQqJnOsMOtxZSdv/gj6BovM7/IhSkCgiSKnQO8FeW0Xyx2bW2WNXZzJR6Pg9DsZ5lg==,6/26/2020 11:49,143,6/26/2020 17:19,Vishal Mohan,,6/26/2020 21:01,FSC-DIR-40-004,143,,2.1.1 FSC will:,25,,ADVICE-40-004-18,Vishal Mohan,,6/26/2020 17:19,Vishal Mohan,,Active,Active
7b96c8f4-a2b7-ea11-a812-000d3a530627,/H103Ohsj+k62PMpcnbtovVTX62JAPU41ufx7/EeOAhvGP4pbcXScFp6rRAy87bl2iE+vhXOPK2wHz/v7JwD6Q==,6/26/2020 11:49,144,6/26/2020 17:19,Vishal Mohan,,6/26/2020 21:01,FSC-DIR-40-004,144,,"a) Suspend the Granted Rights held by the certifi-cate holder according to the FSC Trademark Li-cense Agreement or terminate the FSC Trademark License Agreement, whichever is most appropriate;",25,,ADVICE-40-004-18,Vishal Mohan,,6/26/2020 17:19,Vishal Mohan,,Active,Active
7d96c8f4-a2b7-ea11-a812-000d3a530627,qrM+n+Wr6usH/Z+oyyYd1Hdtu0X0lt8wLl+N8WyAcZALgVj2QCH7U4yNPg5FGGMWcylAL3vSdHN9FURUGCwjGA==,6/26/2020 11:49,145,6/26/2020 17:19,Vishal Mohan,,6/26/2020 21:01,FSC-DIR-40-004,145,,b) block the certificate holder from the FSC Certifi-cation Scheme; and,25,,ADVICE-40-004-18,Vishal Mohan,,6/26/2020 17:19,Vishal Mohan,,Active,Active
7f96c8f4-a2b7-ea11-a812-000d3a530627,ZEFxZ5HhDAj65x/gIJKnqSXok02GCCyUmLTxNqu1SHiByAGpZ+dn9gi/v0tPzATRjC5d3BqGW6IzNvM0oOYMrw==,6/26/2020 11:49,146,6/26/2020 17:19,Vishal Mohan,,6/26/2020 21:01,FSC-DIR-40-004,146,,c) inform the responsible certification body about the results of the investigation.,25,,ADVICE-40-004-18,Vishal Mohan,,6/26/2020 17:19,Vishal Mohan,,Active,Active
8196c8f4-a2b7-ea11-a812-000d3a530627,CyJgiuYU8gJiFzq5eC4Y8suKybOc80cFPRuaVoH3MMovfVMOTaNLQuU4F2ARZgTMXu6diDWO19Gq0gq91WKf2w==,6/26/2020 11:49,147,6/26/2020 17:19,Vishal Mohan,,6/26/2020 21:01,FSC-DIR-40-004,147,,2.1.2 The certification body shall: ,26,,ADVICE-40-004-18,Vishal Mohan,,6/26/2020 17:19,Vishal Mohan,,Active,Active
8396c8f4-a2b7-ea11-a812-000d3a530627,RtjZdxmIk3vZuAtuP1Lj7QukrZLsCpbHZ6EQJscem2VKUYDUYSkWBG0g/WaC5ob6gfsPTNRLCiKY0M9/MNR/Cw==,6/26/2020 11:49,148,6/26/2020 17:19,Vishal Mohan,,6/26/2020 21:01,FSC-DIR-40-004,148,,"a) suspend or terminate the FSC COC, CW/FM, FM or FM/COC certification of the blocked organiza-tion;",26,,ADVICE-40-004-18,Vishal Mohan,,6/26/2020 17:19,Vishal Mohan,,Active,Active
8596c8f4-a2b7-ea11-a812-000d3a530627,T3Ft/WY/fPvVgeZXBXRR6cVwlMvPpzdCSn5JoUX3SvjVenpXeP1b+IBvDa/azyMO8KuA3Sx+vOgv0M81TWv1mA==,6/26/2020 11:49,149,6/26/2020 17:19,Vishal Mohan,,6/26/2020 21:01,FSC-DIR-40-004,149,,b) update the FSC database to indicate the blocked organization’s status as 'Suspended and Blocked' or 'Terminated and Blocked' (Clause 1.4.7 of FSC-STD-20-001 V4.0); and,26,,ADVICE-40-004-18,Vishal Mohan,,6/26/2020 17:19,Vishal Mohan,,Active,Active
7995c8f4-a2b7-ea11-a812-000d3a530627,V3romMPcVqjJzWahKk04SqH+AtpDPXKPwI5rYqV3H1fV5rQ4PqX1pzwzzd9LG1kpxOBOmSf6wr1eGM03kOfthQ==,6/26/2020 11:49,15,6/26/2020 17:19,Vishal Mohan,,6/26/2020 21:01,FSC-DIR-40-004,15,,"NOTE: This section applies for outsourcing arrangements where the contractor is an FSC certified CoC organization and the contracting organization is a non-FSC certified CoC organization. Under this scenario, the contracting organization cannot sell the p",8,,ADVICE-40-004-01,Vishal Mohan,,6/26/2020 17:19,Vishal Mohan,,Active,Active
8796c8f4-a2b7-ea11-a812-000d3a530627,jUeSJz4rGH1rCvReSw0fC3JrLfkWAPaCZdvN3gogNtcmfvPilj3x3ecRKCc87g4MINNV14MFTsOh9BUEsDNIjw==,6/26/2020 11:49,150,6/26/2020 17:19,Vishal Mohan,,6/26/2020 21:01,FSC-DIR-40-004,150,,c) inform the blocked organization (Clause 1.4.8 of FSC-STD-20-001 V4.0). ,26,,ADVICE-40-004-18,Vishal Mohan,,6/26/2020 17:19,Vishal Mohan,,Active,Active
8996c8f4-a2b7-ea11-a812-000d3a530627,K/JNxwSoeCDB6fLIElqB3TmST+aHmjb+862B/Bh2jrMrGihbVOi5cUQRwBP91WMhRL/JyFaq8Nr7kIJca5/MIA==,6/26/2020 11:49,151,6/26/2020 17:19,Vishal Mohan,,6/26/2020 21:01,FSC-DIR-40-004,151,,"2.2 Certification bodies shall not issue, reissue, transfer or reinstate the certification of blocked organizations while they have the status “Suspend-ed and Blocked” or “Terminated and Blocked” in the FSC database.",26,,ADVICE-40-004-18,Vishal Mohan,,6/26/2020 17:19,Vishal Mohan,,Active,Active
8b96c8f4-a2b7-ea11-a812-000d3a530627,XjlmjLM8XtdFl0hA64otIJNMDlXuLP+F/5oqMVO/T8xYEycE5fR2txgSj19skNfkx+z6tngzV2sP2HagS6S3Dg==,6/26/2020 11:49,152,6/26/2020 17:19,Vishal Mohan,,6/26/2020 21:01,FSC-DIR-40-004,152,,"3.1 The blocked organization, which made a false claim or false claims, shall be blocked for the peri-od of six (6) to sixty (60) months. The duration of the blockage is linked to the amount of the com-pensation fee as specified in FSC-PRO-10-003. ",26,,ADVICE-40-004-18,Vishal Mohan,,6/26/2020 17:19,Vishal Mohan,,Active,Active
8d96c8f4-a2b7-ea11-a812-000d3a530627,JJhZx2N3p5H79nYn+M14YcteGlXM+Z9t5swQqb0pkGhoCfYC0MtVH8N395JErR2PF1goiB2sq4XqAkQI862yQw==,6/26/2020 11:49,153,6/26/2020 17:19,Vishal Mohan,,6/26/2020 21:01,FSC-DIR-40-004,153,,"3.2 For the duration of the blockage, the blocked organization shall not carry out any processes or activities that are included within the scope of their FSC certification (e.g. trading, processing, manu-facture, labelling, storage, and/or transport). Fo",26,,ADVICE-40-004-18,Vishal Mohan,,6/26/2020 17:19,Vishal Mohan,,Active,Active
8f96c8f4-a2b7-ea11-a812-000d3a530627,2ZyCCMP6z/aw9Y35h479voEYMCYK0YIfKKt+A53bOZvm4wEqBFVr2bF67nYjtrw+Ne4U5fZMkIvFw9j1xxdJGA==,6/26/2020 11:49,154,6/26/2020 17:19,Vishal Mohan,,6/26/2020 21:01,FSC-DIR-40-004,154,,"3.3 The blocked organization shall fulfill the condi-tions specified in this Advice Note, in the FSC Normative Framework, including, but not limited to FSC-PRO-10-003 and further instructions during the duration of blockage. ",26,,ADVICE-40-004-18,Vishal Mohan,,6/26/2020 17:19,Vishal Mohan,,Active,Active
9196c8f4-a2b7-ea11-a812-000d3a530627,Nab88eN1/ONu3FYeVo1t2cCHccm6sEAEGRH1bgQOdnFc9PqpS1R0FVsdpplBf2/BMzgp1wtAvk4xnbdmADoz3A==,6/26/2020 11:49,155,6/26/2020 17:19,Vishal Mohan,,6/26/2020 21:01,FSC-DIR-40-004,155,,Heading:  3.4 Organizations outsourcing services or adding a new group member or participating site ,26,,ADVICE-40-004-18,Vishal Mohan,,6/26/2020 17:19,Vishal Mohan,,Active,Active
9396c8f4-a2b7-ea11-a812-000d3a530627,dPg8TGIVzchqTXT5YjbMT2ZP5vcMOIGEtxXZ/zHRLuVFJUOZPmeMlTvQTj3kEoGb4GNh6tweR9st9JcK/sFfyg==,6/26/2020 11:49,156,6/26/2020 17:19,Vishal Mohan,,6/26/2020 21:01,FSC-DIR-40-004,156,,NOTE: Clause 2.1 does not apply to certificate holders where they have received or unintentionally passed on false claims. In such a scenario Clause 1.6 of FSC-STD-40-004 applies. ,26,,ADVICE-40-004-18,Vishal Mohan,,6/26/2020 17:19,Vishal Mohan,,Active,Active
9596c8f4-a2b7-ea11-a812-000d3a530627,JLxWiFZSC/FADBOi6ZXFxisSi2cFe0gW9lOhOHAI9MUYMRHFNJDS8tkNDBAPMbzNIR0eHsAH5QekW+cmbUt01w==,6/26/2020 11:49,157,6/26/2020 17:19,Vishal Mohan,,6/26/2020 21:01,FSC-DIR-40-004,157,,"NOTE: In the case of identified risks to the integrity of the FSC system, FSC may also require the blocked organization to participate in transaction verification activities and/or participate in the FSC wood identification programme. ",26,,ADVICE-40-004-18,Vishal Mohan,,6/26/2020 17:19,Vishal Mohan,,Active,Active
9796c8f4-a2b7-ea11-a812-000d3a530627,UyJxrjymQ5YAhUBJmaL7UwgltfF50iug6f2U2v2gHxSPtJjjacrCzEwrp+QvU9gZYp0Kh+9yT7KOQXFyJ7EG3A==,6/26/2020 11:49,158,6/26/2020 17:19,Vishal Mohan,,6/26/2020 21:01,FSC-DIR-40-004,158,,"NOTE: If a false claim is made by a group member or participating site then this Advice Note applies to that specific group member or participating site and not to the Central Office. However, if false claims are made by multiple group members or particip",26,,ADVICE-40-004-18,Vishal Mohan,,6/26/2020 17:19,Vishal Mohan,,Active,Active
9996c8f4-a2b7-ea11-a812-000d3a530627,F9RCpXCjQ049i6RwLCbwLTUqXt8m/rTfIW+zKLFX/nvzhInvz03iAXWywe4BddqnKFi5RLe9kSmzVsDicBo3kg==,6/26/2020 11:49,159,6/26/2020 17:19,Vishal Mohan,,6/26/2020 21:01,FSC-DIR-40-004,159,,Heading: 3. Consequences for Blocked organizations ,26,,ADVICE-40-004-18,Vishal Mohan,,6/26/2020 17:19,Vishal Mohan,,Active,Active
7b95c8f4-a2b7-ea11-a812-000d3a530627,3Sotok0uXPguuSjz/22DuggLGiURAkTZ9pNKu8HfvBqQkMk2gIaK8PcQWauN/Y6zvUBE7rOAXk+ahka8CXO/Qw==,6/26/2020 11:49,16,6/26/2020 17:19,Vishal Mohan,,6/26/2020 21:01,FSC-DIR-40-004,16,,Heading: Eligibility,8,,ADVICE-40-004-01,Vishal Mohan,,6/26/2020 17:19,Vishal Mohan,,Active,Active
9b96c8f4-a2b7-ea11-a812-000d3a530627,njYkO/ktyZcpCNr7UZvqezA6ofYNdlRjTBT7YloBl9/w/Fiz/M7iCiBgIu/nRybEcH9NVENQLqAHKnMT4v549g==,6/26/2020 11:49,160,6/26/2020 17:19,Vishal Mohan,,6/26/2020 21:01,FSC-DIR-40-004,160,,3.4.1 The blocked organization may not be a mem-ber of a Group or Multi-site COC certification and/or may not act as a contractor for other certificate holders with valid FSC certification. ,26,,ADVICE-40-004-18,Vishal Mohan,,6/26/2020 17:19,Vishal Mohan,,Active,Active
9d96c8f4-a2b7-ea11-a812-000d3a530627,wW/qGzTKR9fr6raEFgWvgG5kXt5LlRx1/BPDx7fgSoYLLEmLG6soIxo+/01KpFMQJoDGticN3EvNiSs8LqFCLw==,6/26/2020 11:49,161,6/26/2020 17:19,Vishal Mohan,,6/26/2020 21:01,FSC-DIR-40-004,161,,3.4.2 Certificate holders with valid FSC certification shall verify if another organization is blocked in the FSC database and consider the blocked organiza-tion ineligible for any of the following activities: ,26,,ADVICE-40-004-18,Vishal Mohan,,6/26/2020 17:19,Vishal Mohan,,Active,Active
9f96c8f4-a2b7-ea11-a812-000d3a530627,TFBOhwty+V5Aa8qYORfEPc3grNquKn4udQ66IqjOI0+cXapJ5BeYchzEWDSSQtol08ZMjBESNTdo6xkrbVGuwA==,6/26/2020 11:49,162,6/26/2020 17:19,Vishal Mohan,,6/26/2020 21:01,FSC-DIR-40-004,162,,a) outsourcing services related to FSC certified material and/or; ,26,,ADVICE-40-004-18,Vishal Mohan,,6/26/2020 17:19,Vishal Mohan,,Active,Active
a196c8f4-a2b7-ea11-a812-000d3a530627,w6rvqoMU9zyd5Sd4xz40c2G32HlGptutyf0MtWm+n0ZAirTFvMP6jGf5oxWh6iD0Br9c4aGq/HzHnVrTP8uXxA==,6/26/2020 11:49,163,6/26/2020 17:19,Vishal Mohan,,6/26/2020 21:01,FSC-DIR-40-004,163,,b) adding a new group member to the Group COC certification and/or; ,26,,ADVICE-40-004-18,Vishal Mohan,,6/26/2020 17:19,Vishal Mohan,,Active,Active
a396c8f4-a2b7-ea11-a812-000d3a530627,Ilr0PPj7q2Rq1Uk/5BwnWm+iaLtoFKQN1VIyiVm4xRBWhalHekmLbQ8fiE0YY0GIpgMHIdYYNrO3xbuXldC50g==,6/26/2020 11:49,164,6/26/2020 17:19,Vishal Mohan,,6/26/2020 21:01,FSC-DIR-40-004,164,,c) adding a participating site to the Multi-site COC certification. ,26,,ADVICE-40-004-18,Vishal Mohan,,6/26/2020 17:19,Vishal Mohan,,Active,Active
a596c8f4-a2b7-ea11-a812-000d3a530627,by5fLD06NsoF3VL7o3lAL1Tj1Sw2mmZT99kwtO6Jp9YNCP/EmXV9Vj9W96fJvgzuMZ2fuj4nC5wcOR6o7Ruceg==,6/26/2020 11:49,165,6/26/2020 17:19,Vishal Mohan,,6/26/2020 21:01,FSC-DIR-40-004,165,,Heading:  3.5 Certification bodies adding sites or members and verifying outsourcing agreements ,27,,ADVICE-40-004-18,Vishal Mohan,,6/26/2020 17:19,Vishal Mohan,,Active,Active
a796c8f4-a2b7-ea11-a812-000d3a530627,QXveniBJ05oVZVXnncqeWJvVqvIgPY73AD79GMD1kIi1erb6OMW8erYYtNpGqgoXtr7SkKj6qvgGYGUYFQRuaQ==,6/26/2020 11:49,166,6/26/2020 17:19,Vishal Mohan,,6/26/2020 21:01,FSC-DIR-40-004,166,,"3.5.1 In the case of a Group or Multi-site COC certi-fication, the certification body shall verify the certif-icate holder’s status in the FSC database before adding new sites to registered certificates and shall restrict blocked organizations as a site o",27,,ADVICE-40-004-18,Vishal Mohan,,6/26/2020 17:19,Vishal Mohan,,Active,Active
a996c8f4-a2b7-ea11-a812-000d3a530627,puwU1Zee8F6zjhIIIMkN3NtBcLgjhNgY2CxlnKM6sdtrMsqgzsEVnWz7a79O/w573wLv94dPWrsh+lJfLnNx2Q==,6/26/2020 11:49,167,6/26/2020 17:19,Vishal Mohan,,6/26/2020 21:01,FSC-DIR-40-004,167,,"3.5.2 In the case of outsourcing agreements, the certification body shall verify the blocked list shared by FSC and shall restrict blocked organiza-tions to act as a contractor. ",27,,ADVICE-40-004-18,Vishal Mohan,,6/26/2020 17:19,Vishal Mohan,,Active,Active
ab96c8f4-a2b7-ea11-a812-000d3a530627,7eRsWWjAYqJm4AJOD+Us1KeFzDc4bYtbdn8GsRrAGF9hCl4yT6Sh1sLyCC+7KvPH6sMD/seTcBhV4SS5qYF5KA==,6/26/2020 11:49,168,6/26/2020 17:19,Vishal Mohan,,6/26/2020 21:01,FSC-DIR-40-004,168,,Heading: 4. Lifting the blockage ,27,,ADVICE-40-004-18,Vishal Mohan,,6/26/2020 17:19,Vishal Mohan,,Active,Active
ad96c8f4-a2b7-ea11-a812-000d3a530627,SO4PKzbzHftmvGZ6GPSLWb2cZLaoV4B/0Ly/1YXYHbTK3Ny0In9yASrpUF4sZg9aDDnrkNX10Iw8RukKm8ZF8A==,6/26/2020 11:49,169,6/26/2020 17:19,Vishal Mohan,,6/26/2020 21:01,FSC-DIR-40-004,169,,4.1 The blocked organization can have the status “Suspended and Blocked” or “Terminated and Blocked” revoked before the end of the duration of the blockage if it is confirmed that the blocked organization has fulfilled the following requirements: ,27,,ADVICE-40-004-18,Vishal Mohan,,6/26/2020 17:19,Vishal Mohan,,Active,Active
7d95c8f4-a2b7-ea11-a812-000d3a530627,GEKIvvP9LaskStAVVpLb6e5SP0nLLCfhxx4Tgoty6h6GwJEdeZHV5AbHp+IHiCGr7KGRLhKTiqN1Kg2s+JxDHA==,6/26/2020 11:49,17,6/26/2020 17:19,Vishal Mohan,,6/26/2020 21:01,FSC-DIR-40-004,17,,"1.1) FSC certified CoC contractors are only eligible to provide FSC certified products for non-FSC certified CoC contracting organizations, if:",8,,ADVICE-40-004-01,Vishal Mohan,,6/26/2020 17:19,Vishal Mohan,,Active,Active
af96c8f4-a2b7-ea11-a812-000d3a530627,OLL6Spl+WLB/H84NLIWYE5IGSubry57dMf6EGvxvjUcmH6TjjSJA0C3ZUoV0JLcLiAP8d1jvVlXok/BUtEw9tw==,6/26/2020 11:49,170,6/26/2020 17:19,Vishal Mohan,,6/26/2020 21:01,FSC-DIR-40-004,170,,"a) by the certification body: implementation of cor-rective and preventive actions, and the application of requirements for non-conforming products (as specified in clause 1.6 of FSC-STD-40- 004) and other applicable conditions established by FSC to remed",27,,ADVICE-40-004-18,Vishal Mohan,,6/26/2020 17:19,Vishal Mohan,,Active,Active
b196c8f4-a2b7-ea11-a812-000d3a530627,Bst+0mC0dXZgv2EpPuebgPozRDdLQ1PyQ3pguJEpOC9GmLNxDjL1vzni+hEoUiI76/cdoBtaN9vVnuQjAIX2KA==,6/26/2020 11:49,171,6/26/2020 17:19,Vishal Mohan,,6/26/2020 21:01,FSC-DIR-40-004,171,,b) by FSC: payment of the compensation fee in accordance with FSC-PRO-10-003. ,27,,ADVICE-40-004-18,Vishal Mohan,,6/26/2020 17:19,Vishal Mohan,,Active,Active
b396c8f4-a2b7-ea11-a812-000d3a530627,IBiqUvho0cehutZbvReD0hAB8oa9SF2BrC8RxElXxOHAYs2RK+ZEWt9WxVgQkQHqN1SslqqX+ArXl6pCmI73yg==,6/26/2020 11:49,172,6/26/2020 17:19,Vishal Mohan,,6/26/2020 21:01,FSC-DIR-40-004,172,,4.2 FSC will issue an invoice for the payment of the compensation fee within two (2) weeks after receiv-ing a request from the blocked organization. ,27,,ADVICE-40-004-18,Vishal Mohan,,6/26/2020 17:19,Vishal Mohan,,Active,Active
b596c8f4-a2b7-ea11-a812-000d3a530627,4XQzSFJvWQ/QvPeX3uVmOLfS024HAMnfaR2QB2W1cy6WHlLlSUpnGZDW2Wc/UVm1HB2fWT8k0DC2hdeK+zBdMw==,6/26/2020 11:49,173,6/26/2020 17:19,Vishal Mohan,,6/26/2020 21:01,FSC-DIR-40-004,173,,"4.3 If a blocked organization's status is 'Suspended and Blocked,' and the suspension period has ex-ceeded twelve (12) months or in exceptional cases, up to eighteen (18) months (FSC-STD-20-001, Clause 4.7.5) and the blocked organization has not implement",27,,ADVICE-40-004-18,Vishal Mohan,,6/26/2020 17:19,Vishal Mohan,,Active,Active
b796c8f4-a2b7-ea11-a812-000d3a530627,hg7SytNBFhhXw8sHprmHbqBNfVFSd4shpt6bJjFxKYYc/GCsMwcJRQdUTSnFW09TxfI9aAEronPf7J7/GepkyA==,6/26/2020 11:49,174,6/26/2020 17:19,Vishal Mohan,,6/26/2020 21:01,FSC-DIR-40-004,174,,Heading: 5. Contesting a blocked status and financial pen-alty/compensation fee ,27,,ADVICE-40-004-18,Vishal Mohan,,6/26/2020 17:19,Vishal Mohan,,Active,Active
b996c8f4-a2b7-ea11-a812-000d3a530627,r9qTTu+4EuQkY2LIC0ZhnT5voAZMqBjhiqu0pM6GsZDyvPaMyKBrY1lm5JZ6cJoz8w/5tnU2M70dMdBtw9arTQ==,6/26/2020 11:49,175,6/26/2020 17:19,Vishal Mohan,,6/26/2020 21:01,FSC-DIR-40-004,175,,5.1 The organization which has been blocked according to Clause 2.1.1 may submit evidence to contest the blockage decision made by FSC as specified in FSC-PRO-10-003. ,27,,ADVICE-40-004-18,Vishal Mohan,,6/26/2020 17:19,Vishal Mohan,,Active,Active
bb96c8f4-a2b7-ea11-a812-000d3a530627,LazoYRAfgT3SG4ZFgjFWlsQDQjkbL+G6gEd5LuMtli7cBllCU/Mh0909Z5DjMvAuS1e2pF2nNPLVlqNU4WqaXA==,6/26/2020 11:49,176,6/26/2020 17:19,Vishal Mohan,,6/26/2020 21:01,FSC-DIR-40-004,176,,Heading: Advice,29,,ADVICE-40-004-19,Vishal Mohan,,6/26/2020 17:19,Vishal Mohan,,Active,Active
bd96c8f4-a2b7-ea11-a812-000d3a530627,x/EA9i7i1376Ia5BvO2s2UKGSiEAFFfuMP++uCpyPVkt6TtKUbLDpPyJZ/5DZcNJN88P1Ol/WAx+apb7RxLg3g==,6/26/2020 11:49,177,6/26/2020 17:19,Vishal Mohan,,6/26/2020 21:01,FSC-DIR-40-004,177,,"1. Species information designates the product characteristics and needs to be specified in FSC product groups. Unless this information is required by applicable timber legality legislation, the follow-ing cases are exempted from specifying the species: ",29,,ADVICE-40-004-19,Vishal Mohan,,6/26/2020 17:19,Vishal Mohan,,Active,Active
bf96c8f4-a2b7-ea11-a812-000d3a530627,jNAgOr6AumBKrIOx3Fe46bb0n5x9Hew5ddGflZOLtmNY75hsuKbyceRbEfhKOJJuam+r/ObWIslew+jNeItUSQ==,6/26/2020 11:49,178,6/26/2020 17:19,Vishal Mohan,,6/26/2020 21:01,FSC-DIR-40-004,178,,a) components or entire products that are made of pre-consumer reclaimed and/or post-consumer re-claimed materials (e.g. Laminated MDF and particle boards),29,,ADVICE-40-004-19,Vishal Mohan,,6/26/2020 17:19,Vishal Mohan,,Active,Active
c196c8f4-a2b7-ea11-a812-000d3a530627,+AABvZMDH3Q1w2/ipJhPuDRFkTqzL7ctuyDlNMPYwwlRtmfpueiaqsep+WFyK8CXKqCPtLUtndlv0m0mywVkgg==,6/26/2020 11:49,179,6/26/2020 17:19,Vishal Mohan,,6/26/2020 21:01,FSC-DIR-40-004,179,,b) paper components in assembled products (e.g. high-pressure laminates),29,,ADVICE-40-004-19,Vishal Mohan,,6/26/2020 17:19,Vishal Mohan,,Active,Active
7f95c8f4-a2b7-ea11-a812-000d3a530627,tzyB5t2829E/QKA2iSfDi3vve4i9BA4TyZmGJwQs7E7uNVBnwSSDTyU4G1ejO4GPgnXmx04uj7JXZu6U4ZGIog==,6/26/2020 11:49,18,6/26/2020 17:19,Vishal Mohan,,6/26/2020 21:01,FSC-DIR-40-004,18,,"1.1.1) The input material for the contract work is shipped directly from the delivering supplier(s) to the contractor, i.e. the contracting organization does not obtain physical possession of the input material.",8,,ADVICE-40-004-01,Vishal Mohan,,6/26/2020 17:19,Vishal Mohan,,Active,Active
c396c8f4-a2b7-ea11-a812-000d3a530627,ZoZpU6ZiZaBZEo9B3XIwJiVAAnVmgtk+1+DRiPqhryEbW7oX3XiSLwUFS+rnch4ag9Vdi6sDVAuUFCHGMyJKbA==,6/26/2020 11:49,180,6/26/2020 17:19,Vishal Mohan,,6/26/2020 21:01,FSC-DIR-40-004,180,,NOTE: the product group lists do not need to be sent to certification bodies but shall be maintained by the organization in their certification records and available during audits.,29,,ADVICE-40-004-19,Vishal Mohan,,6/26/2020 17:19,Vishal Mohan,,Active,Active
c596c8f4-a2b7-ea11-a812-000d3a530627,oIfRDVHa2P5mT+lhK61rx7c3Q6jKsu/l9eZXozvuzNUDjp3sQl6nSnwOr2Z72p1Zst64hljSbsQ3JaZIJbrMpg==,6/26/2020 11:49,181,6/26/2020 17:19,Vishal Mohan,,6/26/2020 21:01,FSC-DIR-40-004,181,,"2. Upon request by FSC, ASI or certification bod-ies, the organization shall provide species infor-mation within ten (10) business days. ",29,,ADVICE-40-004-19,Vishal Mohan,,6/26/2020 17:19,Vishal Mohan,,Active,Active
c796c8f4-a2b7-ea11-a812-000d3a530627,2BFq3bcbE0ZavFLjRLhafZSUh7liNIQy9+eUN4zwFKI4NVQCjHYCaxM6hNoBpICvcM6u1EfJWhIdjT/BesCIUw==,6/26/2020 11:49,182,6/26/2020 17:19,Vishal Mohan,,6/26/2020 21:01,FSC-DIR-40-004,182,,"3. Species information shall be determined by its scientific name (i.e. genus and species), starting with the genus first and followed by the species name. The information provided shall always be accurate and complete at the time of submission. ",29,,ADVICE-40-004-19,Vishal Mohan,,6/26/2020 17:19,Vishal Mohan,,Active,Active
c996c8f4-a2b7-ea11-a812-000d3a530627,esGr3lojCSLkhjJHauNoi8dg2KhRez2rZ6JUWmAqcCn5lh6MbYz1MWq6c9Y8EmnlWBjDYecf4mDq+wY+6V1IYQ==,6/26/2020 11:49,183,6/26/2020 17:19,Vishal Mohan,,6/26/2020 21:01,FSC-DIR-40-004,183,,NOTE 1: The FSC wood identification program is a service that can support Organizations in identifying the species in their products.,29,,ADVICE-40-004-19,Vishal Mohan,,6/26/2020 17:19,Vishal Mohan,,Active,Active
cb96c8f4-a2b7-ea11-a812-000d3a530627,kz974hBfKHV6jrWcyL9R8seeqCU5XBl/2A8eFV+dJzH/IDeqmz0eNeKV91b+tCcGauIwlObsyCQelb5Qxh83OA==,6/26/2020 11:49,184,6/26/2020 17:19,Vishal Mohan,,6/26/2020 21:01,FSC-DIR-40-004,184,,"NOTE 2: This advice note does not replace other FSC CoC certification requirements, such as claus-es 1.7 or 6.1 in FSC-STD-40-004 V3-0.",29,,ADVICE-40-004-19,Vishal Mohan,,6/26/2020 17:19,Vishal Mohan,,Active,Active
8195c8f4-a2b7-ea11-a812-000d3a530627,XnYyhioUmY/uaZ1U9zkMYKEssNWI15idBnR/GYjh3jQ+vtDRjLeyC01xBu1TyVHYvCw5vGJYXXoNSb82usJ+dQ==,6/26/2020 11:49,19,6/26/2020 17:19,Vishal Mohan,,6/26/2020 21:01,FSC-DIR-40-004,19,,"1.1.2) The contractor is provided with a copy of the invoice(s) from the delivering supplier(s) and, if not identical, from the billing supplier(s) that include(s) information sufficient to link the invoice(s) are related transport documentation to each o",9,,ADVICE-40-004-01,Vishal Mohan,,6/26/2020 17:19,Vishal Mohan,,Active,Active
5f95c8f4-a2b7-ea11-a812-000d3a530627,npVtfdx6TPpvm7yCLxrfw800IiP9fpJ9DgyeSB/Hvqc++b1keArEk/pEZ3qzgULo1x5Z1OzyZgtl/5SPjF676w==,6/26/2020 11:49,2,6/26/2020 17:19,Vishal Mohan,,6/26/2020 21:01,FSC-DIR-40-004,2,,Heading: General Issues ,6,,Heading Part 1,Vishal Mohan,,6/26/2020 17:19,Vishal Mohan,,Active,Active
8395c8f4-a2b7-ea11-a812-000d3a530627,UtPQfTfsLOz10+JicfNqqZUfiKG82zfsHp1opj7T2HlisrnLbImJ5WnxotHcPPwRb5DKWXnbqgc1tY8Z7eLdqA==,6/26/2020 11:49,20,6/26/2020 17:19,Vishal Mohan,,6/26/2020 21:01,FSC-DIR-40-004,20,,NOTE: Information on prices can be blacked out.,9,,ADVICE-40-004-01,Vishal Mohan,,6/26/2020 17:19,Vishal Mohan,,Active,Active
8595c8f4-a2b7-ea11-a812-000d3a530627,o5ItXfdaccZOPaqXbzPabdyjzvSyM1X6RPVHsGRZMh0fu3WdTycorVDj87O7DM0tv1ubfga2pqX+VJBDyx310A==,6/26/2020 11:49,21,6/26/2020 17:19,Vishal Mohan,,6/26/2020 21:01,FSC-DIR-40-004,21,,1.1.3) The output product provided by the contractor is,9,,ADVICE-40-004-01,Vishal Mohan,,6/26/2020 17:19,Vishal Mohan,,Active,Active
8795c8f4-a2b7-ea11-a812-000d3a530627,ur9ClUnSbPyPZdNM0Y6X/HMRYOSoGkIR7Mi6aHXVipD6opYEUVQVupYd3tB/KX41sDwnh+DKfUYqyMuqA6ty0g==,6/26/2020 11:49,22,6/26/2020 17:19,Vishal Mohan,,6/26/2020 21:01,FSC-DIR-40-004,22,,1.1.3 a) finished product;,9,,ADVICE-40-004-01,Vishal Mohan,,6/26/2020 17:19,Vishal Mohan,,Active,Active
8995c8f4-a2b7-ea11-a812-000d3a530627,jR7AGmIELGTToLId0esemdUjrpWszXATLaXtPT3PaGEwnxkNd6TmVHHrlsHK5DjKBBMwFYObB+jEx7q+C/w02w==,6/26/2020 11:49,23,6/26/2020 17:19,Vishal Mohan,,6/26/2020 21:01,FSC-DIR-40-004,23,,1.1.3 b) FSC labelled; and,9,,ADVICE-40-004-01,Vishal Mohan,,6/26/2020 17:19,Vishal Mohan,,Active,Active
8b95c8f4-a2b7-ea11-a812-000d3a530627,cLVeRXXHnonSal4QXx6ZhDoZyeEXCgJIjJhejL9QLcRFz579rlQTZrKE3D+5bobjRK5P3OAD1V0u/6/0lH4A5A==,6/26/2020 11:49,24,6/26/2020 17:19,Vishal Mohan,,6/26/2020 21:01,FSC-DIR-40-004,24,,"1.1.3 c) branded with the name, label or other identifying information of the contracting organization.",9,,ADVICE-40-004-01,Vishal Mohan,,6/26/2020 17:19,Vishal Mohan,,Active,Active
8d95c8f4-a2b7-ea11-a812-000d3a530627,Z9czES70kAtGEWPr4XHvFA/rxzl8HzkIYbEVEHRkBk+UhfUCBOvxGVptMQzqCpBg9+/uGUONI5LbN4V0Q1+Yqw==,6/26/2020 11:49,25,6/26/2020 17:19,Vishal Mohan,,6/26/2020 21:01,FSC-DIR-40-004,25,,Heading: Labelling,9,,ADVICE-40-004-01,Vishal Mohan,,6/26/2020 17:19,Vishal Mohan,,Active,Active
8f95c8f4-a2b7-ea11-a812-000d3a530627,Y9QiMq28u4pJhjTbLDUc5RdVEL/HTZvL3djGPdP2/5Q5qbOBnt4Jmx/WCgm+zDH05EuWV9Yzy1hf+/Rh/6e4ag==,6/26/2020 11:49,26,6/26/2020 17:19,Vishal Mohan,,6/26/2020 21:01,FSC-DIR-40-004,26,,"1.2) For each contract work, the contractor shall maintain control of applying the correct FSC label.",9,,ADVICE-40-004-01,Vishal Mohan,,6/26/2020 17:19,Vishal Mohan,,Active,Active
9195c8f4-a2b7-ea11-a812-000d3a530627,5Z8td4lXkv7BiX850w5ZMIHBFjCX4ZKdpAuUrNUAnzkzoU5luINJPZntoLuiCgEfZvQSsufMSAg/1ZD3kzMOVg==,6/26/2020 11:49,27,6/26/2020 17:19,Vishal Mohan,,6/26/2020 21:01,FSC-DIR-40-004,27,,1.3) The contractor shall ensure that its license code is used in the FSC label and submits the proof to its certification body for approval.,9,,ADVICE-40-004-01,Vishal Mohan,,6/26/2020 17:19,Vishal Mohan,,Active,Active
9395c8f4-a2b7-ea11-a812-000d3a530627,anNtgFZzdLZDJQ2ct4uGHNgJJs1ey4F+eN0clHayTUw3QIy//fpCqjQXx+klPQ/VCqx/hGbL+WCPJz4neSbWVw==,6/26/2020 11:49,28,6/26/2020 17:19,Vishal Mohan,,6/26/2020 21:01,FSC-DIR-40-004,28,,Heading 2: Using FSC certified CoC contractors – conditions for FSC certified CoC contracting organizations,9,,ADVICE-40-004-01,Vishal Mohan,,6/26/2020 17:19,Vishal Mohan,,Active,Active
9595c8f4-a2b7-ea11-a812-000d3a530627,v0zmhr/u7EhgwrTKXZMk79xcngcGYfLQBkPdix4i4UYNqyzdM5UsqrPmm+x93cUczvepeCfbuTIcDZ8w0/9OiA==,6/26/2020 11:49,29,6/26/2020 17:19,Vishal Mohan,,6/26/2020 21:01,FSC-DIR-40-004,29,,"NOTE: This section applies for outsourcing scenarios where the both the contractor and the contracting organization are FSC certified CoC organizations. Under this scenario, the product does not have to be FSC labelled or a finished product. This section ",9,,ADVICE-40-004-01,Vishal Mohan,,6/26/2020 17:19,Vishal Mohan,,Active,Active
6195c8f4-a2b7-ea11-a812-000d3a530627,o09viipsymN5Gz7DfCq70uYxhAugY9G8oPHrJclP1ESpVA749vb7y+6034wpNlb3wtR7xf0ZeuTuhBHN8LIqeQ==,6/26/2020 11:49,3,6/26/2020 17:19,Vishal Mohan,,6/26/2020 21:01,FSC-DIR-40-004,3,,"1) The FSC Directive contains all advice notes related to a specific FSC international policy or standard that are collected into a single document for improved accessibility for certification bodies, certificate holders and other interested stakeholders.",6,,1,Vishal Mohan,,6/26/2020 17:19,Vishal Mohan,,Active,Active
9795c8f4-a2b7-ea11-a812-000d3a530627,yotsJ4m3dKtBFDVhWoxHi2V7Doz5bJV/lGt0MfNgRvQRoK4Tn9j50CV44rI8siOtNcJfwKcqaY23EmMAUmdToQ==,6/26/2020 11:49,30,6/26/2020 17:19,Vishal Mohan,,6/26/2020 21:01,FSC-DIR-40-004,30,,Heading: Outsourcing agreement ,9,,ADVICE-40-004-01,Vishal Mohan,,6/26/2020 17:19,Vishal Mohan,,Active,Active
9995c8f4-a2b7-ea11-a812-000d3a530627,pHOGngH9vlMdqZXKGFWTGGb8pvzd0y8w8KdOukalFz51MEOsnPNDscHr45zWqEAYZi0R3W/UU8WYxFGVbvdGWw==,6/26/2020 11:49,31,6/26/2020 17:19,Vishal Mohan,,6/26/2020 21:01,FSC-DIR-40-004,31,,2.1) The outsourcing agreement shall specify the following:,9,,ADVICE-40-004-01,Vishal Mohan,,6/26/2020 17:19,Vishal Mohan,,Active,Active
9b95c8f4-a2b7-ea11-a812-000d3a530627,NOS7aMzPdslN4rbrEzuwrbqKE08XnQwkJHCvcWzwZqYlaAUv3JrlYGtnP6dCobEquNoS9wCY+O0rUDOC+/NDfA==,6/26/2020 11:49,32,6/26/2020 17:19,Vishal Mohan,,6/26/2020 21:01,FSC-DIR-40-004,32,,"2.1.1) that the contractor provides the service under his FSC Chain of Custody system,",9,,ADVICE-40-004-01,Vishal Mohan,,6/26/2020 17:19,Vishal Mohan,,Active,Active
9d95c8f4-a2b7-ea11-a812-000d3a530627,/JsjCkD2Nm3y4blG4MbCD+0xDX3X14jfZFjJ2krbOLsb4+HvC2v9gC1Bi/rzxG/i3HA0W/9a6KlRRLuNiZ+wMA==,6/26/2020 11:49,33,6/26/2020 17:19,Vishal Mohan,,6/26/2020 21:01,FSC-DIR-40-004,33,,"2.1.2) that the contractor makes available relevant records and documentation to the contracting organization’s certification body upon request, and",9,,ADVICE-40-004-01,Vishal Mohan,,6/26/2020 17:19,Vishal Mohan,,Active,Active
9f95c8f4-a2b7-ea11-a812-000d3a530627,cRvKqR7reH/90PASewxZoOEOS3hbjb/RPv/jx8TZ4+PCYjjwLmTavzbCbC1qqUVM9e95YcFJG2hFLCS5Jyw9NA==,6/26/2020 11:49,34,6/26/2020 17:19,Vishal Mohan,,6/26/2020 21:01,FSC-DIR-40-004,34,,"2.1.3) that the contracting organization’s license code shall be used, if the product shall be FSC labelled.",9,,ADVICE-40-004-01,Vishal Mohan,,6/26/2020 17:19,Vishal Mohan,,Active,Active
a195c8f4-a2b7-ea11-a812-000d3a530627,ebkSLWtrmqXevAuWaBt7y2r+Jwt2vvXHGFViWxacCdRxCVUdnmLFrQiYklhxh1YB1ls1s7AJ/fDbrZBjcsDqIA==,6/26/2020 11:49,35,6/26/2020 17:19,Vishal Mohan,,6/26/2020 21:01,FSC-DIR-40-004,35,,"2.2) The outsourcing agreement and, if FSC certified CoC contractors are used for specific processes exclusively, the contracting organization’s control system for the outsourced process do not need to cover the following requirements stipulated by FSC-ST",9,,ADVICE-40-004-01,Vishal Mohan,,6/26/2020 17:19,Vishal Mohan,,Active,Active
a395c8f4-a2b7-ea11-a812-000d3a530627,inqXNik1WEUIa1OKyNXEbOvPROq5R1zgMxGvTqJ1qLERsyZsh+bPksxPSLp+t4oDiD/j74Q7X+a4KsbZhicnng==,6/26/2020 11:49,36,6/26/2020 17:19,Vishal Mohan,,6/26/2020 21:01,FSC-DIR-40-004,36,,"NOTE: FSC certified CoC contractors may use their own subcontractors in accordance with FSC-STD-40-004, section 12.",9,,ADVICE-40-004-01,Vishal Mohan,,6/26/2020 17:19,Vishal Mohan,,Active,Active
a595c8f4-a2b7-ea11-a812-000d3a530627,tlnjHG4KSKyQrZDmA0IgWJTPx8i8JzWzvGRKro2KkxeUVSt3t3Ls7bq7Is7waN20384t8N4zDej63TIkOtozaA==,6/26/2020 11:49,37,6/26/2020 17:19,Vishal Mohan,,6/26/2020 21:01,FSC-DIR-40-004,37,,Heading: Supplier validation,9,,ADVICE-40-004-01,Vishal Mohan,,6/26/2020 17:19,Vishal Mohan,,Active,Active
a795c8f4-a2b7-ea11-a812-000d3a530627,sGkYS8xsOD5vYN6XQ1NmVbZC1NGl6l3uNYb0/nR0DyMa1h2HGd92DYWModtocKepSuHoxLxyB/+F/snh/bxTaA==,6/26/2020 11:49,38,6/26/2020 17:19,Vishal Mohan,,6/26/2020 21:01,FSC-DIR-40-004,38,,2.3) The contracting organization shall apply the provisions for ‘supplier validation’ as specified by FSC-STD-40-004 V2-1 also to the contractor. ,9,,ADVICE-40-004-01,Vishal Mohan,,6/26/2020 17:19,Vishal Mohan,,Active,Active
a995c8f4-a2b7-ea11-a812-000d3a530627,fESk0MJwR/xjD4inSs2WEJxhQSA42bi2lxK7URnvloCvyU58KWmOFPbOziDe4focLMck/MKScOB8aavAMNlPcg==,6/26/2020 11:49,39,6/26/2020 17:19,Vishal Mohan,,6/26/2020 21:01,FSC-DIR-40-004,39,,Heading: Labelling,10,,ADVICE-40-004-01,Vishal Mohan,,6/26/2020 17:19,Vishal Mohan,,Active,Active
6395c8f4-a2b7-ea11-a812-000d3a530627,GR/lTPAWoKLA31RvGsGhKtagPvv3Rvszq+sHJTrupOBcMNdZAbBwyvPMN6wZ5jJuc9gg3O8RSZGiR76GPVAHIg==,6/26/2020 11:49,4,6/26/2020 17:19,Vishal Mohan,,6/26/2020 21:01,FSC-DIR-40-004,4,,"2) If a certification body is in doubt about the correct implementation of an FSC policy or standard, the certification body must request clarification from the FSC Policy and Standards Unit. If required, such clarification will be provided in the form of",6,,2,Vishal Mohan,,6/26/2020 17:19,Vishal Mohan,,Active,Active
ab95c8f4-a2b7-ea11-a812-000d3a530627,q6Fo8ZM1X9hIbeNNeR0D2qwT3+F7aQdIgrydYLYxebn7mPoYt1HJeuIuCHvauh22L9Z7rszC3Oc7lZEBQu9mtQ==,6/26/2020 11:49,40,6/26/2020 17:19,Vishal Mohan,,6/26/2020 21:01,FSC-DIR-40-004,40,,"2.4) The contracting organization shall maintain control and responsibility of the correct FSC label being applied, if product labelling is part of the outsourced processing. ",10,,ADVICE-40-004-01,Vishal Mohan,,6/26/2020 17:19,Vishal Mohan,,Active,Active
ad95c8f4-a2b7-ea11-a812-000d3a530627,CKZIXdmJj8PTSYN3V4aWlyFot65aSdojFkrGfgTf6H2xDBrDIpZKa3mLcrfSwNNpZYvTBmJ434qGKjXabTse/w==,6/26/2020 11:49,41,6/26/2020 17:19,Vishal Mohan,,6/26/2020 21:01,FSC-DIR-40-004,41,,2.5) The contracting organization shall ensure that its license code is used in the FSC label and shall submit the proof to its certification body for approval.,10,,ADVICE-40-004-01,Vishal Mohan,,6/26/2020 17:19,Vishal Mohan,,Active,Active
af95c8f4-a2b7-ea11-a812-000d3a530627,wqN8BWZJtmyt9hLP0DxxDllawoj5u/Fvnvul29ZQ2Ih/oC0QaK+XjNfpuOvOC1X6fDwLh7VQBDJ0bcGsUZ4scw==,6/26/2020 11:49,42,6/26/2020 17:19,Vishal Mohan,,6/26/2020 21:01,FSC-DIR-40-004,42,,Heading: Auditing ,10,,ADVICE-40-004-01,Vishal Mohan,,6/26/2020 17:19,Vishal Mohan,,Active,Active
b195c8f4-a2b7-ea11-a812-000d3a530627,TPEWttohHzcskv1ZJ68QfNOzbXtO5mBWbTIz1PL/uV9nS3fXEgntsSl15AWj33dPWaV1rgaKzm8clmCrv/ex2Q==,6/26/2020 11:49,43,6/26/2020 17:19,Vishal Mohan,,6/26/2020 21:01,FSC-DIR-40-004,43,,"2.6) FSC certified CoC contractors are exempted from a potential inspection by the contracting organization’s certification body, if the outsourced process is covered by the scope of the contractor’s certificate. ",10,,ADVICE-40-004-01,Vishal Mohan,,6/26/2020 17:19,Vishal Mohan,,Active,Active
b395c8f4-a2b7-ea11-a812-000d3a530627,zeOJGHwdxqtkMxo+iJb9tPPjpli9st3WtXYDNCQlzrBiuv8VITL3BnQ1tEQu8NwWmEn1HIxZ8dBhrHv7TwZ5TQ==,6/26/2020 11:49,44,6/26/2020 17:19,Vishal Mohan,,6/26/2020 21:01,FSC-DIR-40-004,44,,NOTE: The contractor is subject to evaluation and monitoring by its own certification body.,10,,ADVICE-40-004-01,Vishal Mohan,,6/26/2020 17:19,Vishal Mohan,,Active,Active
b595c8f4-a2b7-ea11-a812-000d3a530627,ymuc/4rzoiRxg/nUE7ruBaCIOSIKI1WFkWShZBBU2nVJszOpOxyYucxJRdpG4JN1kU5RwFuy1Puj8gvKbL780g==,6/26/2020 11:49,45,6/26/2020 17:19,Vishal Mohan,,6/26/2020 21:01,FSC-DIR-40-004,45,,"Title: ADVICE-40-004-02 After the certificate issuance, when the company products will be eligible to carry the FSC logo? ",10,,ADVICE-40-004-02,Vishal Mohan,,6/26/2020 17:19,Vishal Mohan,,Active,Active
b795c8f4-a2b7-ea11-a812-000d3a530627,yiyew015ujdL4TxpXaa798dr0waqGjrptIk3+kbcCb78joE2T1c7X6xeLopSR3vUdIysn3Z5AnB78DLHzxfFuQ==,6/26/2020 11:49,46,6/26/2020 17:19,Vishal Mohan,,6/26/2020 21:01,FSC-DIR-40-004,46,,Normative reference: FSC-STD-40-004 V2-0 Clause 10.1.1,10,,ADVICE-40-004-02,Vishal Mohan,,6/26/2020 17:19,Vishal Mohan,,Active,Active
b995c8f4-a2b7-ea11-a812-000d3a530627,yjt+Zg+YEesq+PMUvMv9ZGx+mSbpNmbmWG47BZLfV8rkcrGFRsM2Q08J9fFWBMrRmve+vayAujWUuWa34AViWw==,6/26/2020 11:49,47,6/26/2020 17:19,Vishal Mohan,,6/26/2020 21:01,FSC-DIR-40-004,47,,"Title: After the certificate issuance, when the company products will be eligible to carry the FSC logo? ",10,,ADVICE-40-004-02,Vishal Mohan,,6/26/2020 17:19,Vishal Mohan,,Active,Active
bb95c8f4-a2b7-ea11-a812-000d3a530627,r+RX/8oBsFdtKjZLinIKx9zNAOhpEm/DvWLKPEmn/R7vp3+hJSIV93punl8bWvpGz5aFgYHDRFHeHwtPft7JZQ==,6/26/2020 11:49,48,6/26/2020 17:19,Vishal Mohan,,6/26/2020 21:01,FSC-DIR-40-004,48,,"1) The scope of the certificate defines the point at which the certified chain of custody starts, and the point at which it finishes. The chain of custody certificate provides a credible guarantee of compliance with the requirements of the specified stand",10,,ADVICE-40-004-02,Vishal Mohan,,6/26/2020 17:19,Vishal Mohan,,Active,Active
bd95c8f4-a2b7-ea11-a812-000d3a530627,Wua6wkOrUv8cTaEWbsABWDUvaHVU4ighQ/7zpt50ToT6oU1l8o9dVqZH9HqUAISo2BfZE0C0kESwwzt6TlN9LA==,6/26/2020 11:49,49,6/26/2020 17:19,Vishal Mohan,,6/26/2020 21:01,FSC-DIR-40-004,49,,"2) Normally this will mean that products that have already been sold, or shipped, prior to the issue of a certificate may not be described as certified, and are not eligible to carry the FSC Logo. ",10,,ADVICE-40-004-02,Vishal Mohan,,6/26/2020 17:19,Vishal Mohan,,Active,Active
6595c8f4-a2b7-ea11-a812-000d3a530627,aT5ma0T3CljuoGHTp4Sc4VQ99PSA++QKYzXrxw65FvMD7n31truNMfQeYRJ9LpOmEsJh8dB7AqPlE2FSBa+cgQ==,6/26/2020 11:49,5,6/26/2020 17:19,Vishal Mohan,,6/26/2020 21:01,FSC-DIR-40-004,5,,"3) Prior to the finalisation of an advice note, a certification body may make its own decision in relation to a question for which clarification has been sought. In such a case, responsibility for the consequences of the decision shall rest exclusively wi",6,,3,Vishal Mohan,,6/26/2020 17:19,Vishal Mohan,,Active,Active
bf95c8f4-a2b7-ea11-a812-000d3a530627,go7MgimTn2SIeRg6p5edrcG+viPYOfcrSdjjIJFq4tJGTXiiJqYCcsxzDJI32Q3BbjuWWHkheH7oEOl+pVsknQ==,6/26/2020 11:49,50,6/26/2020 17:19,Vishal Mohan,,6/26/2020 21:01,FSC-DIR-40-004,50,,"3) Clearly a company cannot issue an invoice describing products as certified prior to the issue of chain of custody certificate. Products sold without such an invoice cannot be described as certified, and are not eligible to carry the FSC Logo. ",10,,ADVICE-40-004-02,Vishal Mohan,,6/26/2020 17:19,Vishal Mohan,,Active,Active
c195c8f4-a2b7-ea11-a812-000d3a530627,tbVqqT4pR9PO9Fp0yPd42gjAUldhI9/T3Kr9EelZTXW9x2nFZ0azcbTQOO+982osFFEAXbAn/+B2vi/ZzByp8Q==,6/26/2020 11:49,51,6/26/2020 17:19,Vishal Mohan,,6/26/2020 21:01,FSC-DIR-40-004,51,,"4) In the case of joint forest management and chain of custody certification, application of this guideline means that timber that had been felled prior to the issue of a certificate, but which has not yet been sold by the forest management enterprise may",10,,ADVICE-40-004-02,Vishal Mohan,,6/26/2020 17:19,Vishal Mohan,,Active,Active
c395c8f4-a2b7-ea11-a812-000d3a530627,B0C9U6aX/4JQI7swjSZ9QxbmQ/9WrBf/cz67qIwID+178tjz3wv3aamLG77oedOciEq5Ro/vYRHa5POXoicLjw==,6/26/2020 11:49,52,6/26/2020 17:19,Vishal Mohan,,6/26/2020 21:01,FSC-DIR-40-004,52,,"5) Equivalent considerations apply when a certificate is withdrawn or expires. Products which left the chain of custody whilst the certificate was valid were certified, and remain certified even after the certificate has been withdrawn. Products which hav",11,,ADVICE-40-004-02,Vishal Mohan,,6/26/2020 17:19,Vishal Mohan,,Active,Active
c595c8f4-a2b7-ea11-a812-000d3a530627,aePeZwzSr4IkYDpUNnC2mwjlapIwi6mPs9OqPyhTPrNXVRqy0g3IwFLzYoIEDJQW5o+Gu2R8v62Qp7Vg1XSsZw==,6/26/2020 11:49,53,6/26/2020 17:19,Vishal Mohan,,6/26/2020 21:01,FSC-DIR-40-004,53,,ADVICE-40-004-03 Reduced labelling threshold of 50% for chip and fi-bre based products,11,,ADVICE-40-004-03,Vishal Mohan,,6/26/2020 17:19,Vishal Mohan,,Active,Active
c795c8f4-a2b7-ea11-a812-000d3a530627,7dwHZR2AHM3W/TQZNSWp3rqx8sbt3T3bRtPC2uSOGHmYqNAeD07Ui+Y1uc2QbFONTnAT6oXjJP4j1u77fyIYQQ==,6/26/2020 11:49,54,6/26/2020 17:19,Vishal Mohan,,6/26/2020 21:01,FSC-DIR-40-004,54,,Normative reference: FSC-STD-40-004 V2-0 Clauses 11.2.1a and 11.2.2,11,,ADVICE-40-004-03,Vishal Mohan,,6/26/2020 17:19,Vishal Mohan,,Active,Active
c995c8f4-a2b7-ea11-a812-000d3a530627,ZHE+YPoZ30RsqwAQvT67k/SlVtWnJMR06uSmtmzuxnsrf17YLEJ7RHbsG+TQbLNguDpnuryUCwsDIDbC0ceGJA==,6/26/2020 11:49,55,6/26/2020 17:19,Vishal Mohan,,6/26/2020 21:01,FSC-DIR-40-004,55,,Title: Reduced labelling threshold of 50% for chip and fibre based products ,11,,ADVICE-40-004-03,Vishal Mohan,,6/26/2020 17:19,Vishal Mohan,,Active,Active
cb95c8f4-a2b7-ea11-a812-000d3a530627,RX/h2glTKSMIZ9Rj6pYiixApew90JSAnz/YWDpk6OU5Q4BnGSrBr+upuDxo7YEyCI+iFEPtk0CJXtb8VHNy/0A==,6/26/2020 11:49,56,6/26/2020 17:19,Vishal Mohan,,6/26/2020 21:01,FSC-DIR-40-004,56,,"NOTE: In the context of this Advice, the term ‘organization’ refers only to FSC certificate holders that have obtained the product registration for the use of a reduced labelling threshold of 50%.",11,,ADVICE-40-004-03,Vishal Mohan,,6/26/2020 17:19,Vishal Mohan,,Active,Active
cd95c8f4-a2b7-ea11-a812-000d3a530627,D4K5H9UlOD/jSA1SBQUxxfNon3U9dRhl6c60HxHKhleM0Cp8PoXzu+rbHfdFV3Q8OqujHkeePpG3//SvMXf6IQ==,6/26/2020 11:49,57,6/26/2020 17:19,Vishal Mohan,,6/26/2020 21:01,FSC-DIR-40-004,57,,1) The organization may produce chip and fibre products based on a reduced labelling threshold of 50% until the effective date of FSC- STD-40-004 V3-0.,11,,ADVICE-40-004-03,Vishal Mohan,,6/26/2020 17:19,Vishal Mohan,,Active,Active
cf95c8f4-a2b7-ea11-a812-000d3a530627,LB8HfTZ5xFADzkpQKl3h52nXOBU+povpmtznKAyLZQJux0fCa65V5trc15ZfWBLutRDERpXqzm+u7BWyGwpyOQ==,6/26/2020 11:49,58,6/26/2020 17:19,Vishal Mohan,,6/26/2020 21:01,FSC-DIR-40-004,58,,2) Registered products are eligible to be FSC labeled and to be sold with the “FSC Mix 50% registered” claim on sales and delivery documents according to the requirements of this Advice.,11,,ADVICE-40-004-03,Vishal Mohan,,6/26/2020 17:19,Vishal Mohan,,Active,Active
d195c8f4-a2b7-ea11-a812-000d3a530627,pzp3rNDwonGWWts40aaxTk3elVnXngAdz/c+TYhscK8nYErGoe4HiKhn3Vjn0BKxnwP9jBlyVfQmPMdj1Bmr2Q==,6/26/2020 11:49,59,6/26/2020 17:19,Vishal Mohan,,6/26/2020 21:01,FSC-DIR-40-004,59,,"3) Registered products that were already FSC labeled before 01 April 2017 will keep their certified status after this date. Thus, the organization and companies operating the transfer system further down in the supply chain may relabel and sell these prod",11,,ADVICE-40-004-03,Vishal Mohan,,6/26/2020 17:19,Vishal Mohan,,Active,Active
6795c8f4-a2b7-ea11-a812-000d3a530627,wtXLhpq5unjYGdQq44p5gfckWG7qbXuocCEG8mvgzZGgkbuA4SzbDGPx3iWo9YIFI3+R7JgW/YKAkmd4qAP+fQ==,6/26/2020 11:49,6,6/26/2020 17:19,Vishal Mohan,,6/26/2020 21:01,FSC-DIR-40-004,6,,"4) The advices provided in this document represent the formal position of the FSC International Center unless and until it is superseded by the approval of a more recent policy, standard, or advice note. In such cases the requirements specified in the mor",6,,4,Vishal Mohan,,6/26/2020 17:19,Vishal Mohan,,Active,Active
d395c8f4-a2b7-ea11-a812-000d3a530627,Q6apYkEQKiKsKsN1GPxc0mFQ5nCGVhgZ1IlRjuLk0Fc3cgAkssoXUbNyWlt1FIExke40fUynXLZD3pq97DC7qw==,6/26/2020 11:49,60,6/26/2020 17:19,Vishal Mohan,,6/26/2020 21:01,FSC-DIR-40-004,60,,4) The organization that has remaining output stock of unlabeled registered products by 01 April 2017 may sell or label and sell these products with the “FSC Mix 50% registered” claim for a maximum of 6 months after this date.,11,,ADVICE-40-004-03,Vishal Mohan,,6/26/2020 17:19,Vishal Mohan,,Active,Active
d595c8f4-a2b7-ea11-a812-000d3a530627,TcAlD35x8kbF493MiHJ/mxwZHct1kEuas3IZ9seABlOD/oaMaCjhg+iZuxIhDRSIJvAnzgSAXmkEJW5tYI3AWA==,6/26/2020 11:49,61,6/26/2020 17:19,Vishal Mohan,,6/26/2020 21:01,FSC-DIR-40-004,61,,5) The organization shall report to their certification body an inventory of its unlabeled output stock of registered products as of 01 April 2017 for the purpose of monitoring sales of stocks in subsequent surveillance audits. The report shall be sent to,12,,ADVICE-40-004-03,Vishal Mohan,,6/26/2020 17:19,Vishal Mohan,,Active,Active
d795c8f4-a2b7-ea11-a812-000d3a530627,gajWvQa42PR038F53eb1WYqsOmVBHkVPE2raoPGXTHBwngb0v0hkdy2HgX4/xRIV6hJADOYOIaWDp9g5O0WaFg==,6/26/2020 11:49,62,6/26/2020 17:19,Vishal Mohan,,6/26/2020 21:01,FSC-DIR-40-004,62,,Title: Identification of FSC claims on sales and delivery documents ,12,,ADVICE-40-004-05,Vishal Mohan,,6/26/2020 17:19,Vishal Mohan,,Active,Active
d995c8f4-a2b7-ea11-a812-000d3a530627,cHTv65QMI8nbxpRcBp9TB0v4kQpUGTgu4dhKTGrqPpHuPNKSZ9IdGEQ+A3f3nEpnlZhifbsJA0a7fGTLLyS3XQ==,6/26/2020 11:49,63,6/26/2020 17:19,Vishal Mohan,,6/26/2020 21:01,FSC-DIR-40-004,63,,"When the certificate holder has demonstrated it is not able to include the required FSC claim as specified in the FSC Chain of Custody standard in sales and delivery documents due to space constraints, through an exception, the certification body can appr",12,,ADVICE-40-004-05,Vishal Mohan,,6/26/2020 17:19,Vishal Mohan,,Active,Active
db95c8f4-a2b7-ea11-a812-000d3a530627,jn1Jf/wtklyVO0825KieB7kEQ4+PXH0fkgrm53Sip2iGKBm3xN1MztFXSX8coBbdXrrg30XDYxbaE5AbriqrSg==,6/26/2020 11:49,64,6/26/2020 17:19,Vishal Mohan,,6/26/2020 21:01,FSC-DIR-40-004,64,,a) There is no risk that the customer will misinterpret which products are or are not FSC certified in the document; ,12,,ADVICE-40-004-05,Vishal Mohan,,6/26/2020 17:19,Vishal Mohan,,Active,Active
dd95c8f4-a2b7-ea11-a812-000d3a530627,B7ungoJ4lC9G+wSzav/3totzO/ri8cQRbpvMPJHretYXRubFVblNiHqHr5zm3Q5ZWELUnN+Qt1WgQt45LLwbdw==,6/26/2020 11:49,65,6/26/2020 17:19,Vishal Mohan,,6/26/2020 21:01,FSC-DIR-40-004,65,,b) The sales and delivery documents contain visible and understandable information so that the customer is aware that the full FSC claim is provided through supplementary evidence; ,12,,ADVICE-40-004-05,Vishal Mohan,,6/26/2020 17:19,Vishal Mohan,,Active,Active
df95c8f4-a2b7-ea11-a812-000d3a530627,ySZMGewMHVzNFD6/1wjkcxK+Ba1B+uHKY9RNPBTOIOfBRm5AsH8JIYe0Q+dAL1AIvXZE6jg2BITV4/bcd150WQ==,6/26/2020 11:49,66,6/26/2020 17:19,Vishal Mohan,,6/26/2020 21:01,FSC-DIR-40-004,66,,"c) In cases where the sales and delivery documents contain multiple products with different FSC Claims, a clear identification for each product shall be included to cross-reference it with the associated FSC claim provided in the supplementary evidence. ",12,,ADVICE-40-004-05,Vishal Mohan,,6/26/2020 17:19,Vishal Mohan,,Active,Active
e195c8f4-a2b7-ea11-a812-000d3a530627,TT7yv++Xjb78mF5z6vJvvHgzzElNtzYPZuPueB2TPdzaGmz3ojrnZpRpfweaH/TCmss1eeQufFTNgO49Td6yNA==,6/26/2020 11:49,67,6/26/2020 17:19,Vishal Mohan,,6/26/2020 21:01,FSC-DIR-40-004,67,,Title: Which components of a product need to be certified?,13,,ADVICE-40-004-06,Vishal Mohan,,6/26/2020 17:19,Vishal Mohan,,Active,Active
e395c8f4-a2b7-ea11-a812-000d3a530627,kJEqb1vBaXSW9+IEkA8KM4ulav68fXomnOnRv4Ovq4mFE8a4G6nLATKutm2yPSGcpnm0DgtRDVndnmrx1afvpg==,6/26/2020 11:49,68,6/26/2020 17:19,Vishal Mohan,,6/26/2020 21:01,FSC-DIR-40-004,68,,Heading: Advice,13,,ADVICE-40-004-06,Vishal Mohan,,6/26/2020 17:19,Vishal Mohan,,Active,Active
e595c8f4-a2b7-ea11-a812-000d3a530627,O8GiKVtSCFyjqSBiVSRszKe992ekvzweXgftUmc9Zs8739AxWgR8RMG1QI+lu81fa+git4AVN7AbR5zhG6xhTw==,6/26/2020 11:49,69,6/26/2020 17:19,Vishal Mohan,,6/26/2020 21:01,FSC-DIR-40-004,69,,All components of a product which are made of or contain material originating from forests that are incorporated into the product to fulfil its function for the consumers’ specific need shall be certified. ,13,,ADVICE-40-004-06,Vishal Mohan,,6/26/2020 17:19,Vishal Mohan,,Active,Active
6995c8f4-a2b7-ea11-a812-000d3a530627,An5WzKKL0M2C0mwetzhExl1JRxWYOiK6+PMF56R1HVHLHmzGnATYwqRXv6K2F4sq37qRhi5VvepcYw/6Ao0K5w==,6/26/2020 11:49,7,6/26/2020 17:19,Vishal Mohan,,6/26/2020 21:01,FSC-DIR-40-004,7,,"5) Certification bodies are required to comply with the most recent formal advice notes, and the FSC Accreditation Business Unit will base its evaluations and issue of corrective actions on these.",6,,5,Vishal Mohan,,6/26/2020 17:19,Vishal Mohan,,Active,Active
e795c8f4-a2b7-ea11-a812-000d3a530627,7YMtoxI4HHChMO/ur3xMINLybUddkYWqzOCAQ37L3LPlH3+Y3oONPSdgl5f38VSg3fLZ/O1GX+uaBzRgS6lprw==,6/26/2020 11:49,70,6/26/2020 17:19,Vishal Mohan,,6/26/2020 21:01,FSC-DIR-40-004,70,,"It represents that all certified components of a product shall comply with the definition of eligible input (e.g. FSC 100%, FSC Controlled Wood, etc.) and its quantities in volume or weight shall count towards the calculation of FSC product composition de",13,,ADVICE-40-004-06,Vishal Mohan,,6/26/2020 17:19,Vishal Mohan,,Active,Active
e995c8f4-a2b7-ea11-a812-000d3a530627,4wz+QYMl+qW5SET2Fkl/yaMhUmkU1ZkzbiaOR9pYC4b2Rv/jx7mhiqtHulLqAHMyoFBwEQaCAOEsGZIOCNY9bQ==,6/26/2020 11:49,71,6/26/2020 17:19,Vishal Mohan,,6/26/2020 21:01,FSC-DIR-40-004,71,,"Forest-based components that have secondary functions in the product (e.g. for transportation, protection, etc.) don’t need to be certified unless they are added to the product with a functional purpose (e.g. If the product will have its function compromi",13,,ADVICE-40-004-06,Vishal Mohan,,6/26/2020 17:19,Vishal Mohan,,Active,Active
eb95c8f4-a2b7-ea11-a812-000d3a530627,fXPIwr8VtPqWqtDS5antrOt3/b5NeUw1Gz3ICPtwQcRGlCmrQmsU7C1WZdvKfT7Stklxl/xQOQzRUFGRW7W6uQ==,6/26/2020 11:49,72,6/26/2020 17:19,Vishal Mohan,,6/26/2020 21:01,FSC-DIR-40-004,72,,"Packaging that is made from forest-based inputs (e.g. paper, wood, etc.) is considered a separate element from the product inside. Therefore, the organization can choose to certify only the packaging or its content individually, or both.",13,,ADVICE-40-004-06,Vishal Mohan,,6/26/2020 17:19,Vishal Mohan,,Active,Active
ed95c8f4-a2b7-ea11-a812-000d3a530627,l8qXrWml8O35XJVNHvthQPv+nM+70x+ulzrrR78AAjaXmDAfrVrEImQKsLN6p5/ceee6JdzxayE2zO0gFRCg0A==,6/26/2020 11:49,73,6/26/2020 17:19,Vishal Mohan,,6/26/2020 21:01,FSC-DIR-40-004,73,,"The FSC label generator allows the creation of labels with specific product type claims (e.g. wood, paper, packaging). Thus, in cases where, the product contains wood and paper components that are clearly separate elements, the organization can opt to cer",13,,ADVICE-40-004-06,Vishal Mohan,,6/26/2020 17:19,Vishal Mohan,,Active,Active
ef95c8f4-a2b7-ea11-a812-000d3a530627,XvGae1c2AtLRwvaJ7cELqbEfWqeHApvJ3+SuSXIcBv9ZoZDYaB58X/PzVunehqUzyWARPeh6EWyTj/3lzHCaug==,6/26/2020 11:49,74,6/26/2020 17:19,Vishal Mohan,,6/26/2020 21:01,FSC-DIR-40-004,74,,"To avoid risks of misinterpretation in relation to which components of the product are certified, an additional clarification statement is recommended. The same applies to products that contain a combination of wood-based components (wood, paper) and NTFP",13,,ADVICE-40-004-06,Vishal Mohan,,6/26/2020 17:19,Vishal Mohan,,Active,Active
f195c8f4-a2b7-ea11-a812-000d3a530627,5t927dzgp4/wroFfw25o+GFsZ3fAz97kULyzVjx0GnsZri1yX4WG78II0BaCloI/nWbh+NZhu1doiDWLxSA9OA==,6/26/2020 11:49,75,6/26/2020 17:19,Vishal Mohan,,6/26/2020 21:01,FSC-DIR-40-004,75,,The table below provides some examples of practical application of this advice and it is not expected to cover all range of FSC certified products:,14,,ADVICE-40-004-06,Vishal Mohan,,6/26/2020 17:19,Vishal Mohan,,Active,Active
f395c8f4-a2b7-ea11-a812-000d3a530627,K1D9reZhA1QpdEhXh/lX6mvLxJ2CMZKRhBJGBRVmOKkVcNRzYLjZWOiVeq+/kgO9++ij7cz+jt5KSf71QxJdOQ==,6/26/2020 11:49,76,6/26/2020 17:19,Vishal Mohan,,6/26/2020 21:01,FSC-DIR-40-004,76,,Title: Examples: Which components of a product need to be certified?,14,,ADVICE-40-004-06,Vishal Mohan,,6/26/2020 17:19,Vishal Mohan,,Active,Active
f595c8f4-a2b7-ea11-a812-000d3a530627,87wQIwXfzhFLtiEUfxon6QweteXp8qFuA4oSTcwaxeNtpo8d6i195+NHk8UXMqjjzh4pC16GlLBvmwfFGqgAQg==,6/26/2020 11:49,77,6/26/2020 17:19,Vishal Mohan,,6/26/2020 21:01,FSC-DIR-40-004,77,,ADVICE 40-004-06 EXAMPLES.pdf,14,ADVICE 40-004-06 EXAMPLES.pdf,ADVICE-40-004-06,Vishal Mohan,,6/26/2020 17:19,Vishal Mohan,,Active,Active
f795c8f4-a2b7-ea11-a812-000d3a530627,q8PiGN+3lJQFvJ48a3GTeAFqzzfwrY1BiDAT2fuUmobTdeZFDm6AOry79jkTt2zZSIndPl1CEB/BqtTn/uUO7A==,6/26/2020 11:49,78,6/26/2020 17:19,Vishal Mohan,,6/26/2020 21:01,FSC-DIR-40-004,78,,Title: Sale of FSC certified products through non-FSC certified auction entities,16,,ADVICE-40-004-07,Vishal Mohan,,6/26/2020 17:19,Vishal Mohan,,Active,Active
f995c8f4-a2b7-ea11-a812-000d3a530627,fKmwKDy7LVyuOA3nxJ1tIoRLki06jstvbqGpcQTImPUKycShw494YY70TczXIPphkX4iYZhFpnhRpiVYjPZ7oQ==,6/26/2020 11:49,79,6/26/2020 17:19,Vishal Mohan,,6/26/2020 21:01,FSC-DIR-40-004,79,,Heading: Advice ,16,,ADVICE-40-004-07,Vishal Mohan,,6/26/2020 17:19,Vishal Mohan,,Active,Active
6b95c8f4-a2b7-ea11-a812-000d3a530627,zGZziKWhRiJyyYR+fBJ4BF8yeTs7KcsOsbpTAtxz9wcyBR9NKIxwz/THX82O/DuTKgI/JXDPGdH+TEfT3LkCwQ==,6/26/2020 11:49,8,6/26/2020 17:19,Vishal Mohan,,6/26/2020 21:01,FSC-DIR-40-004,8,,6) Finalised advice notes are approved by the Head of the Unit of the Policy and Standards Unit or the FSC Director General. If a certification body wishes to contest the advice note provided it may do so by requesting a formal review and decision by the ,6,,6,Vishal Mohan,,6/26/2020 17:19,Vishal Mohan,,Active,Active
fb95c8f4-a2b7-ea11-a812-000d3a530627,V70gp2h1+DnFcGkCdSDt4muAgCRkwdZuyZ4qFYbIyLCRl1ycN+IeimazmmJGWWH4WFiePeXfeq0t9oZneXZRKw==,6/26/2020 11:49,80,6/26/2020 17:19,Vishal Mohan,,6/26/2020 21:01,FSC-DIR-40-004,80,,"Auctioning entities that do not gain legal ownership of FSC certified products during trading activities are not required to be FSC chain of custody certified, even when the auctioning entity takes physical possession of the product.",16,,ADVICE-40-004-07,Vishal Mohan,,6/26/2020 17:19,Vishal Mohan,,Active,Active
fd95c8f4-a2b7-ea11-a812-000d3a530627,eiD9RWTp35gitAzSXyhHztWju9z9epRofMgQjTIYdK5UTBYmot/0vNHhTW2jBDOIFehJzetkU7Qqnw1QcB61Cw==,6/26/2020 11:49,81,6/26/2020 17:19,Vishal Mohan,,6/26/2020 21:01,FSC-DIR-40-004,81,,Non-certified entities are not permitted to include FSC claims or certification codes on their own sales or transport documents.,16,,ADVICE-40-004-07,Vishal Mohan,,6/26/2020 17:19,Vishal Mohan,,Active,Active
ff95c8f4-a2b7-ea11-a812-000d3a530627,LlPSEg2/K0POaYNQNbDmEjI74MaHkWCoEJhRwVEFwbEGNzImdZHuvpU+0aTa4XBYhf0yY1oyrLuXegwsQgY5tg==,6/26/2020 11:49,82,6/26/2020 17:19,Vishal Mohan,,6/26/2020 21:01,FSC-DIR-40-004,82,,"In order for the customer (winning bidder) to consider material purchased through a non-FSC certified auction entity as FSC certified, a supplementary letter or transport document must be provided by the certified supplier to the customer including all in",16,,ADVICE-40-004-07,Vishal Mohan,,6/26/2020 17:19,Vishal Mohan,,Active,Active
0196c8f4-a2b7-ea11-a812-000d3a530627,5FJI0xZjZlcxr0M+HJd3+TeSIvrOcx75PNfMMNhBNpMt+5DekRrricxUGu1/0pBafJRskljp8/XcSQHf01rhxw==,6/26/2020 11:49,83,6/26/2020 17:19,Vishal Mohan,,6/26/2020 21:01,FSC-DIR-40-004,83,,Title: Non-conforming product ,16,,ADVICE-40-004-08,Vishal Mohan,,6/26/2020 17:19,Vishal Mohan,,Active,Active
0396c8f4-a2b7-ea11-a812-000d3a530627,kdfdBRNu1PEf/IeizlsCCZmPjwQcZ0ri128ASQgjw74g16xwIuqJZFtzhdpTb6HTlmBs/VYpL01Qq41cJzHLgw==,6/26/2020 11:49,84,6/26/2020 17:19,Vishal Mohan,,6/26/2020 21:01,FSC-DIR-40-004,84,,Heading: Advice ,17,,ADVICE-40-004-08,Vishal Mohan,,6/26/2020 17:19,Vishal Mohan,,Active,Active
0596c8f4-a2b7-ea11-a812-000d3a530627,Ei40rMIQBe0pVcUVGOU0kwJCY8MSEF31lN0uAKz9ssqwxBkoUzMQtmb9JHooGdV1wN4fbca31bYJTTsq6ccgAg==,6/26/2020 11:49,85,6/26/2020 17:19,Vishal Mohan,,6/26/2020 21:01,FSC-DIR-40-004,85,,1) The organization shall have a documented procedure defining the controls and related responsibilities and authorities for dealing with non-conforming products. The organization’s chain of custody system shall be designed to ensure that products which d,17,,ADVICE-40-004-08,Vishal Mohan,,6/26/2020 17:19,Vishal Mohan,,Active,Active
0796c8f4-a2b7-ea11-a812-000d3a530627,LwrOnpO9k1t84QMvIR6d2JZGf6nFVldAWcutnhjfLps9Ai7+K1HvUVp19+1g1ZvshBx702G5142oANiKRtUgsQ==,6/26/2020 11:49,86,6/26/2020 17:19,Vishal Mohan,,6/26/2020 21:01,FSC-DIR-40-004,86,,NOTE: Small COC enterprises are not required to have the procedure in writing.,17,,ADVICE-40-004-08,Vishal Mohan,,6/26/2020 17:19,Vishal Mohan,,Active,Active
0996c8f4-a2b7-ea11-a812-000d3a530627,E0xD1SuY+MR65q2TtCaC4SEudyt7yqq4Yc6xhq6CvskoqSrige2cGL5GOKXrEogpTq6gBmHdmhmzOclbX6cfkA==,6/26/2020 11:49,87,6/26/2020 17:19,Vishal Mohan,,6/26/2020 21:01,FSC-DIR-40-004,87,,"2) In case non-conforming products are detected after they have been delivered, the organization shall:",17,,ADVICE-40-004-08,Vishal Mohan,,6/26/2020 17:19,Vishal Mohan,,Active,Active
0b96c8f4-a2b7-ea11-a812-000d3a530627,iXqJrGLewXgXcHtss1TYARt0cYPLR2KhVmodmMjdcMHrb/y4l4qS1gj9xev+xSuIsstoQ08wAndxCFnRdP3CIg==,6/26/2020 11:49,88,6/26/2020 17:19,Vishal Mohan,,6/26/2020 21:01,FSC-DIR-40-004,88,,2 a) immediately cease to sell any non-conforming products held in stock;,17,,ADVICE-40-004-08,Vishal Mohan,,6/26/2020 17:19,Vishal Mohan,,Active,Active
0d96c8f4-a2b7-ea11-a812-000d3a530627,poG048hiHy3eQ8U94TrEvHSGJbmffMzlvwuUm+9a9C/UqTenbnveOr/R3FjBfIAJvFZ++x/+nWMrZ4wVSh2fqA==,6/26/2020 11:49,89,6/26/2020 17:19,Vishal Mohan,,6/26/2020 21:01,FSC-DIR-40-004,89,,"2 b) identify all relevant customers, and advise those customers in writing within three (3) business days of the non-conforming product and maintain records of that advice;",17,,ADVICE-40-004-08,Vishal Mohan,,6/26/2020 17:19,Vishal Mohan,,Active,Active
6d95c8f4-a2b7-ea11-a812-000d3a530627,k0txkQBJF1fd0vsytuOybjLp4nhcK4xU2S5Hdd5yZPCfpNK8jpeBMZ3vJ1NcCtJm1mssvI38OwZ9tuBRCBUfPg==,6/26/2020 11:49,9,6/26/2020 17:19,Vishal Mohan,,6/26/2020 21:01,FSC-DIR-40-004,9,,"7) Directives are under continual review and may be revised or withdrawn in response to new information, experience or changing circumstances, for example by the development of new policies or standards approved by the FSC Board of Directors.",6,,7,Vishal Mohan,,6/26/2020 17:19,Vishal Mohan,,Active,Active
0f96c8f4-a2b7-ea11-a812-000d3a530627,I0W3rpS4d1ON2ZKSsj38Wn+78KHNm1zIrVgy1wxBJWy+1QeRmhxVhajQ4BbVD+cF1TytNzRPMqldQdhM/jU5JA==,6/26/2020 11:49,90,6/26/2020 17:19,Vishal Mohan,,6/26/2020 21:01,FSC-DIR-40-004,90,,2 c) analyse causes for occurrence of non-conforming products and implement measures to prevent its re-occurrence.,17,,ADVICE-40-004-08,Vishal Mohan,,6/26/2020 17:19,Vishal Mohan,,Active,Active
1196c8f4-a2b7-ea11-a812-000d3a530627,6mr+FD9+GXUixq8qo0dTB/Ckzh+8YpODoQhDnqStHqx+9r16irARICzfFLReNBluXIluNaCsHwSMWNI8vs9d7Q==,6/26/2020 11:49,91,6/26/2020 17:19,Vishal Mohan,,6/26/2020 21:01,FSC-DIR-40-004,91,,2 d) notify their certification body;,17,,ADVICE-40-004-08,Vishal Mohan,,6/26/2020 17:19,Vishal Mohan,,Active,Active
1396c8f4-a2b7-ea11-a812-000d3a530627,Zv7qj11/kpdGa7M7FgtQ2U9D49qpKLeWuTVXwsOmYqJ37vgbUqvr2OVFJXJ6lVzCSDcObUe6E2f8AVXd4W/EcA==,6/26/2020 11:49,92,6/26/2020 17:19,Vishal Mohan,,6/26/2020 21:01,FSC-DIR-40-004,92,,2 e) cooperate with the certification body in order to allow the certification body to confirm that appropriate action is taken to correct this non-compliance.,17,,ADVICE-40-004-08,Vishal Mohan,,6/26/2020 17:19,Vishal Mohan,,Active,Active
1596c8f4-a2b7-ea11-a812-000d3a530627,s2YeJHXT3eeHi6xCFlJQuxlzNLi7Of5L3d6ZN4Futv2ZtjY3Wo8fcPh0mwMAhvBTkcyCCuKGgqNIDSeVzNBHpw==,6/26/2020 11:49,93,6/26/2020 17:19,Vishal Mohan,,6/26/2020 21:01,FSC-DIR-40-004,93,,Title: Minor components,17,,ADVICE-40-004-09,Vishal Mohan,,6/26/2020 17:19,Vishal Mohan,,Active,Active
1796c8f4-a2b7-ea11-a812-000d3a530627,kx9iQKbHlhQaFZwSeFJ4ukGj0NBITjbobN1k8LTZprPIzxgsQogvmI7DUXoNtjYhyFZuoawm+LSAfGfveV9onQ==,6/26/2020 11:49,94,6/26/2020 17:19,Vishal Mohan,,6/26/2020 21:01,FSC-DIR-40-004,94,,"1) From 01 January 2013 onwards, Clause 6.1.3 of FSC-STD-40-004V2-1 will also apply to organizations selling semi-finished products containing minor components below 1% of the product composition. The following claim shall be provided to customers: “This ",18,,ADVICE-40-004-09,Vishal Mohan,,6/26/2020 17:19,Vishal Mohan,,Active,Active
1996c8f4-a2b7-ea11-a812-000d3a530627,qcpUlGPm6+WkuVDtWBeKboLcLT24/h5aw222iylFqzXdqo7YSWVIhaOnZeL/q5lweaLC7FTfWOrEPyiyYSdJUQ==,6/26/2020 11:49,95,6/26/2020 17:19,Vishal Mohan,,6/26/2020 21:01,FSC-DIR-40-004,95,,"2) From 01 March 2013, uncertified and uncontrolled minor components shall no longer be used in products and commercial activities (such as import, export, placing on the market, processing, etc.) in countries where timber legality legislation applies and",18,,ADVICE-40-004-09,Vishal Mohan,,6/26/2020 17:19,Vishal Mohan,,Active,Active
1b96c8f4-a2b7-ea11-a812-000d3a530627,qIfmApHfdusowO/BVnRelZRzaeIqVIvCL8sNVXXXfCBEqwHVi3Z8893dlP9LBIBP5s490SDdYt4SKl7Bxwyh3Q==,6/26/2020 11:49,96,6/26/2020 17:19,Vishal Mohan,,6/26/2020 21:01,FSC-DIR-40-004,96,,"3) After 31 December 2013 and applying worldwide, the production of FSC products containing uncertified and uncontrolled minor components is no longer allowed.",18,,ADVICE-40-004-09,Vishal Mohan,,6/26/2020 17:19,Vishal Mohan,,Active,Active
1d96c8f4-a2b7-ea11-a812-000d3a530627,3MOBZcbr5JJjcvIovW47qVPGe7Tl/DzunIgNNk0IXyUOR+IBuJ4YLi9mKuPHcwp9uDyXihaWc2Q4tV49KlN96g==,6/26/2020 11:49,97,6/26/2020 17:19,Vishal Mohan,,6/26/2020 21:01,FSC-DIR-40-004,97,,"4) After 31 December 2014 and applying worldwide, the sale of FSC products containing uncertified and uncontrolled minor components is no longer allowed.",18,,ADVICE-40-004-09,Vishal Mohan,,6/26/2020 17:19,Vishal Mohan,,Active,Active
1f96c8f4-a2b7-ea11-a812-000d3a530627,1CAaF0YC9gGfmyh/qsbEz4BCXnNFdftCQZgI2eCTrXBnJhWxGaMj7qEpGbHNSrvI7eUrd1Daw25+x1n1JSs1UA==,6/26/2020 11:49,98,6/26/2020 17:19,Vishal Mohan,,6/26/2020 21:01,FSC-DIR-40-004,98,,Title:Access to information required by timber legality legislations,18,,ADVICE-40-004-10,Vishal Mohan,,6/26/2020 17:19,Vishal Mohan,,Active,Active
2196c8f4-a2b7-ea11-a812-000d3a530627,1Unur1dEwlBHV5yp4Wqpn3eVqgcDLXFdFqWelJ9S7DA/8IRqceyJJALVEDSHAtepiI8+G8R4WbZSYsat46pzHw==,6/26/2020 11:49,99,6/26/2020 17:19,Vishal Mohan,,6/26/2020 21:01,FSC-DIR-40-004,99,,"1) Upon request, FSC certified suppliers shall provide customers with the following information about FSC certified and FSC Controlled Wood timber or timber products subject to compliance with applicable timber legality legislations:",19,,ADVICE-40-004-10,Vishal Mohan,,6/26/2020 17:19,Vishal Mohan,,Active,Active
